Name,Smiles,Standard Type,Standard Value,Activity class
13,C[C@@H]1COc2cc3[nH]c(=O)cc(C(F)(F)F)c3cc2N1CC(F)(F)F,Ki,0.9,0
31,CCCCN1CC(C)(C)C(Oc2ccc(C#N)c(C(F)(F)F)c2)C1=O,IC50,10,0
54,C[C@H]1CN(C(=O)Nc2ccc(C(F)(F)F)nc2)[C@H](C)CN1c1ccc(C#N)c(C(F)(F)F)c1,Ki,4.6,0
60,C[C@]12CCC3C(CC=C4C[C@@H](O)CC[C@@]43/C=C\F)C1CC[C@@H]2O,IC50,11,0
88,O=c1cc(C(F)(F)F)c2cc(N(CC(F)(F)F)CC(F)(F)F)ccc2[nH]1,Ki,1.5,0
97,CC1(C)CN(Cc2ccccc2)C(=O)C1Oc1ccc(C#N)c(C(F)(F)F)c1,IC50,11,0
117,Cc1ccc(C(=O)CC(Nc2ccc([N+](=O)[O-])cc2)c2ccccc2)cc1,Ki,18,0
126,CCCCn1nc(C)c(-c2ccc3c(c2)NC(=O)CO3)c1-c1ccc(F)cc1,IC50,3600,1
140,C[C@](O)(COc1ccc(C#N)cc1F)C(=O)N1CCc2c(C#N)cccc21,IC50,3.2,0
147,CC1(C)C(=O)N(c2ccc(C#N)c(Cl)c2)C(=S)N1CCCS(N)(=O)=O,IC50,12,0
160,Cc1cccc(OCCSc2nc3ccccc3n2CC(=O)OC(C)C)c1,IC50,13700,1
171,C[C@](O)(Cn1ccc2ccc([N+](=O)[O-])cc21)C(=O)Nc1ccc(C#N)c(C(F)(F)F)c1,Ki,47,0
185,C[C@@H]1Cc2cc3c(C(F)(F)F)cc(O)nc3cc2N1,IC50,7,0
193,CCc1ccccc1Oc1ccc(C#N)c(C(F)(F)F)c1,IC50,20,0
197,CC1(C)CCc2cc3c(C(F)(F)F)cc(C#N)nc3cc2N1,IC50,9,0
214,Cc1c(C#N)ccc(N2C(=O)[C@@H]3[C@H](O)CCN3C2=O)c1Cl,Ki,0.7,0
216,COc1ccccc1/C=C/C(=O)c1cc(Br)ccc1O,IC50,1000,0
226,O=c1cc(-c2ccc(F)cc2)oc2cccc(F)c12,IC50,190,0
241,C=CCC1Oc2cccc(OC(F)F)c2-c2ccc3c(c21)C(C)=CC(C)(C)N3,Ki,96.3,0
250,O=c1cc(C(F)F)c2cc(N(CC(F)(F)F)CC(F)(F)F)ccc2[nH]1,Ki,0.4,0
252,CC(C)N(CC(F)(F)F)c1ccc2[nH]c(=O)cc(C(F)(F)F)c2c1,Ki,2.9,0
265,N#Cc1cccc2c(O[C@H]3CC[C@H](NC(=O)c4ccc(F)c(F)c4)CC3)ccnc12,IC50,14,0
269,N#Cc1cccc2c(O[C@H]3CC[C@H](NC(=O)c4cccc(F)c4)CC3)ccnc12,IC50,9,0
273,Cn1cc(N(Cc2ccccc2)c2ccc([N+](=O)[O-])cc2)cc1C(=O)N1CCCC1,Ki,5,0
283,Nc1ccccc1Cc1n[nH]c(=O)c2ccccc12,IC50,220,0
294,CC[C@H]1[C@@H]2[C@H](O)CCN2C(=O)N1c1ccc(C#N)c(Cl)c1C,Ki,0.7,0
298,CC[C@]12CC[C@H](O)CC1=CCC1C3CC[C@H](O)[C@@]3(C)CCC12,IC50,33,0
309,N#Cc1ccc(-c2csc(N3C(=O)c4ccccc4C3=O)n2)cc1,IC50,10960,1
314,O=C(CC(Nc1ccc([N+](=O)[O-])cc1)C1CCCCC1)c1ccc(Br)cc1,Ki,35,0
323,C[C@](O)(COc1ccc(Br)cc1)C(=O)N1CCc2c(C#N)cccc21,IC50,2.4,0
329,COc1ncccc1NC(=O)N1C[C@H](C)N(c2ccc(C#N)c(C(F)(F)F)c2)C[C@H]1C,IC50,190,0
330,CCNc1ccc2c(C(F)(F)F)cc(=O)[nH]c2c1,Ki,29,0
339,O=[N+]([O-])c1ccc(C2=NO[C@@H]3CCCC[C@H]23)c(C(F)(F)F)c1,IC50,128.82,0
345,C[C@H]1CN(C(=O)Nc2ccncn2)[C@H](C)CN1c1ccc(C#N)c(C(F)(F)F)c1,IC50,4600,1
351,N#Cc1ccc(-c2csc(N3C(=O)c4ccc(F)cc4C3=O)n2)cc1,IC50,5960,1
357,CN(C)C(=O)CCCCCCC1C[C@H]2CC(=O)CC[C@]2(C)[C@H]2CC[C@]3(C)[C@@H](O)CC[C@H]3[C@H]12,IC50,110,0
360,O=C(CC(Nc1ccc([N+](=O)[O-])cc1)c1ccc(F)cc1)c1cccc(Cl)c1,Ki,493,0
367,N#Cc1ccc(-c2ccccc2O)cc1C(F)(F)F,IC50,0.02,0
374,O=c1cc(C(F)(F)F)c2cc(N(CC(F)(F)F)CC(F)(F)C(F)(F)F)ccc2[nH]1,Ki,31,0
380,CNC(=O)c1ccc([C@]2(O)CCN(c3ccc(C#N)c(Cl)c3)[C@H]2C)cc1,IC50,8.6,0
385,C[C@](O)(COc1ccccc1C#N)C(=O)N1CCc2c(C#N)cccc21,IC50,14.3,0
391,CC[C@@H]1COc2c(ccc3[nH]c(=O)cc(C(F)(F)F)c23)N1CC(F)(F)F,IC50,10000,1
397,Cc1nn(-c2ccc(C#N)c(Cl)c2)c(C)c1Cc1ccc(F)cc1,IC50,0.47,0
402,Cc1nocc1C(=O)NC[C@H]1CC[C@H](Oc2ccnc3c(F)cccc23)CC1,IC50,210,0
411,COC(=O)c1c(-c2ccc([N+](=O)[O-])cc2)c(C)n(Cc2ccccc2)c1C,IC50,5,0
413,C[C@H]1CN(C(=O)Nc2cncnc2)[C@H](C)CN1c1ccc(C#N)c(C(F)(F)F)c1,IC50,1000,0
419,CC1(C)[C@H](NC(=O)c2cnn(CCO)c2)C(C)(C)[C@H]1Oc1ccc(C#N)c(Cl)c1,IC50,59,0
422,Cc1cccc([C@@H]2COc3cc4[nH]c(=O)cc(C(F)(F)F)c4cc3N2CC(F)(F)F)c1,Ki,1.1,0
429,OC1(C(F)(F)F)CCc2c1[nH]c1c(Cl)cc(Cl)cc21,IC50,13,0
432,C[C@](O)(COc1ccc(C#N)cc1Br)C(=O)N1CCc2c(C#N)cccc21,IC50,4.8,0
437,Cc1cc(C(=O)N[C@H]2CC[C@H](Oc3ccnc4c(Br)cccc34)CC2)no1,IC50,20,0
439,O[C@]1(C(F)(F)F)CCCc2c1[nH]c1cc(Cl)c(Cl)cc21,IC50,13,0
447,CC1c2cc3c(C(F)(F)F)cc(O)nc3cc2NC[C@H]1C,Ki,8,0
455,N#Cc1ccc(C2=NOC3CCCCC23)cc1C(F)(F)F,IC50,27.54,0
458,O=[N+]([O-])c1ccc(C2=NOC3CCCCCC23)cc1C(F)(F)F,IC50,104.71,0
460,C[C@@H]1CCc2cc3c(C(F)(F)F)cc(O)nc3cc2N1,Ki,7,0
468,O=[N+]([O-])c1ccc(C2=NOC3CCCCC23)cc1C(F)(F)F,IC50,120.23,0
469,CCN1CCOc2cc3[nH]c(=O)cc(C(F)(F)F)c3cc21,Ki,1.2,0
476,Cc1ccc(CN(C(=O)c2cc3ccc(F)cc3[nH]2)C(C)C)o1,IC50,700,0
484,COc1cc(C)ccc1Oc1ccc(C#N)c(C(F)(F)F)c1,IC50,69,0
489,CCOC(=O)Cn1c(SCCOc2cccc(CC)c2)nc2ccccc21,IC50,55000,1
492,CC1COc2cc3[nH]c(=O)cc(C(F)(F)F)c3cc2N1CC1CC1,Ki,4,0
496,Cc1ccc(OCCSc2nc3ccccc3n2CC(=O)OC(C)C)cc1,IC50,11100,1
501,CC[C@@H]1CC2=CC(=O)CC[C@@H]2[C@H]2CC[C@@]3(C)[C@@H](CC[C@@]34C=CCO4)[C@@H]21,IC50,64,0
507,N#Cc1ccc(C2=NOC3CCCCCCC23)c(C(F)(F)F)c1,IC50,645.65,0
509,CC[C@@H]1CC2=CC(=O)CC[C@@H]2[C@H]2CC[C@@]3(C)[C@@H](CC[C@@]34C=CC(=O)O4)[C@@H]21,IC50,89,0
513,CC[C@]12CC[C@@H]3[C@H]4CCC(=O)C=C4C[C@@H](C)[C@H]3[C@@H]1CC[C@@]21C=CC(=O)O1,IC50,43,0
517,Cc1ccc(OCCSc2nc3ccccc3n2CC(=O)OC(C)C)cc1C,IC50,30600,1
520,CSc1ccc(CN2CC(C)(C)[C@@H](Oc3ccc(C#N)c(C(F)(F)F)c3)C2=O)cc1,IC50,28,0
522,COc1ccc(C(=O)CC(Nc2ccc([N+](=O)[O-])cc2)C2CCCCC2)cc1,Ki,37,0
528,C[C@](O)(CN1CCc2cc(F)c(F)cc21)C(=O)Nc1ccc(C#N)c(Cl)c1,IC50,32,0
531,C[C@](O)(Cn1cc(F)c2ccccc21)C(=O)Nc1ccc(C#N)c(Cl)c1,IC50,45,0
533,Cn1cc(N(Cc2ccccc2)c2ccc([N+](=O)[O-])cc2)cc1C(=O)O,Ki,3,0
538,O=C(N[C@H]1CC[C@H](Oc2ccnc3ccccc23)CC1)c1cccc(F)c1,IC50,32,0
544,Brc1ncn(-c2csc(N3CCOCC3)n2)c1Br,IC50,100,0
549,CCCCC1Oc2ccc(OC)cc2-c2ccc3c(c21)C(C)=CC(C)(C)N3,Ki,785,0
550,CC[C@H](C)n1cc(-c2ccc(C#N)cc2)c2ccc(NS(C)(=O)=O)cc21,Ki,1740,1
557,O=C(/C=C/c1ccccc1O)c1cc(Cl)ccc1O,IC50,1000,0
562,Cc1cc(F)ccc1-n1nc(C(F)(F)F)cc1-c1cc(Cl)c2c(c1)NC(=O)CO2,IC50,4500,1
566,O=C1COc2ccc(C3=Nn4ccnc4SC3c3ccccc3)cc2N1,IC50,95,0
568,CCn1c(SCCOc2ccccc2)nc2ccccc21,IC50,12000,1
572,N#Cc1ccc(C2=NOC3CCCC23)c(C(F)(F)F)c1,IC50,446.68,0
575,CC[C@H]1[C@H](O)CC(=O)N1c1ccc(C#N)c(Cl)c1,IC50,3.4,0
580,COc1cccc2c1-c1ccc(NS(C)(=O)=O)cc1C(c1ccccc1)O2,IC50,6525,1
585,C[C@H]1CCCN1c1ccc(C#N)c2ccccc12,IC50,0.84,0
591,COc1c(C#N)ccc(N2C(=O)[C@@H]3[C@H](O)CCN3C2=O)c1Cl,Ki,6.1,0
594,O=C1CC(c2ccccc2O)Oc2ccc(Cl)cc21,IC50,1680,1
598,CCC1CCNc2cc3[nH]c(=O)cc(C(F)(F)F)c3cc21,Ki,7,0
602,O=c1cc(C(F)(F)F)c2c3c(ccc2[nH]1)N(CC1CC1)[C@H](c1ccccc1)CO3,IC50,45,0
606,CC(C)[C@@H]1COc2c(ccc3[nH]c(=O)cc(C(F)(F)F)c23)N1CC(F)(F)F,IC50,10000,1
609,C[C@@H]1CC2=CC(=O)CC[C@@H]2[C@H]2CC[C@@]3(C)[C@@H](CC[C@@]34C=CCO4)[C@@H]21,IC50,45,0
615,N#Cc1ccc(-n2c(=O)n(Cc3ccccc3)c3cccnc32)cc1C(F)(F)F,IC50,60.6,0
616,C[C@]12CC[C@H]3[C@@H](CCC4=CC(=O)CC[C@@]43C)[C@@H]1CC[C@@H]2O,Potency,1.6,0
624,CC(C)(C(=O)Nc1nccs1)[C@@H](c1ccccc1)c1ccc(O)c(Br)c1,Ki,370,0
628,Cc1ccc(NC(=O)c2cc3cccc(O)c3oc2=N)cc1,IC50,2400,1
630,O=c1cc(C(F)(F)F)c2cc(NC3CCCC3)ccc2[nH]1,IC50,42,0
634,COC(=O)C1=C(Cn2cnnn2)NC(C)=C(C#N)[C@H]1c1ccc(F)cc1Cl,IC50,300,0
639,N#Cc1ccc(N2C[C@H]3[C@H]4CC[C@H](C4)[C@@]3(C(N)=O)S2(=O)=O)cc1C(F)(F)F,Ki,3,0
642,CC1=CC(C)(C)Nc2ccc3c(c21)COc1ccc([N+](=O)[O-])cc1-3,IC50,60,0
646,Cc1cc(N2C(=O)[C@@H]3C4CCC(O4)[C@@H]3C2=O)ccc1Cl,Ki,77,0
652,CC1=CC(C)(C)Nc2ccc3c(c21)COc1c(F)cc(C#N)cc1-3,IC50,60,0
653,CCCNc1ccc2nc(O)cc(C(F)(F)F)c2c1,IC50,27.5,0
654,CCC1(C)CCc2cc3c(C(F)(F)F)cc(O)nc3cc2N1,IC50,23,0
660,C=C1CCCC(C)(C)[C@H]1Cc1cc(OC)c(Br)cc1O,IC50,377,0
662,Cc1cc(-c2ccc(C#N)n2C)ccc1O,IC50,2.9,0
667,Cc1ccc(Oc2ccc(C#N)c(C(F)(F)F)c2)cc1,IC50,4000,1
671,CC(C)Nc1ccc2nc(O)cc(C(F)(F)F)c2c1,IC50,16.5,0
672,C[C@@]12[C@H]3C[C@H](C[C@@H]3O)[C@@H]1CN(c1ccc(C#N)c(C(F)(F)F)c1)S2(=O)=O,Ki,3,0
678,CC(C)N(Cc1ccco1)C(=O)c1cc2ccc(F)cc2[nH]1,IC50,430,0
680,CN1c2cc3nc(C#N)cc(C(F)(F)F)c3cc2CCC1(C)C,IC50,45,0
684,CC(C)CNc1ccc2[nH]c(=O)cc(C(F)(F)F)c2c1,IC50,22,0
687,Cn1c(C#N)ccc1-c1ccc(O)cc1Cl,IC50,1.4,0
689,O=c1cc(-c2ccc(Cl)cc2)oc2cccc(F)c12,IC50,360,0
694,CC1OC(=O)C(c2ccc(F)cc2)=C1c1ccc2c(c1)NC(=O)CO2,IC50,10000,1
696,C[C@H]1C[C@@H](C)Nc2cc3nc(O)cc(C(F)(F)F)c3cc21,Ki,6,0
699,C#C[C@]12CC[C@H](O)CC1=CCC1C2CC[C@@]2(C)C1CC[C@@H]2O,IC50,1761,1
703,C[C@H]1C[C@H]2[C@@H]3CCC4=CC(=O)C=C[C@]4(C)[C@@]3(F)[C@@H](O)C[C@]2(C)[C@@]1(O)C(=O)CO,Potency,10,0
706,Cc1c(N2C(=O)N3CC[C@H](O)[C@H]3[C@@H]2C(F)(F)F)ccc(C#N)c1Cl,Ki,0.9,0
712,C[C@@H]1CC[C@H](CCl)N1c1ccc2[nH]c(=O)cc(C(F)(F)F)c2c1,Ki,10,0
715,Oc1cc(C(F)(F)F)c2cc3c(cc2n1)NC[C@@H]1CCCC[C@H]31,Ki,2,0
720,Cc1c(/N=C2\O[C@H](C(F)(F)F)[C@@H]3[C@@H](O)CCN23)ccc(C#N)c1Cl,Ki,0.2,0
721,COc1ccc2c(c1)CCC1=CC(=O)CC[C@@]12Cc1ccccc1,Ki,54,0
725,C[C@H]1Nc2cc3nc(O)cc(C(F)(F)F)c3cc2[C@H]1C,Ki,6,0
729,CC(C)(CC(O)(CNc1cccc2ccccc12)C(F)(F)F)c1cc(F)ccc1O,IC50,1000,0
732,C=C[C@]12CC[C@H](O)CC1=CCC1C2CC[C@@]2(C)C1CC[C@]2(C)O,IC50,169,0
736,COc1cccc2c1-c1ccc3[nH]c(=O)cc(C)c3c1C(OC)O2,IC50,19,0
738,CCCCC[C@H]1C[C@@]2(C)C(CC[C@@H]2O)C2CCC3=CC(=O)CCC3=C21,IC50,0.009,0
745,COc1cc(C2Nc3cccc4cccc(c34)N2)ccc1O,IC50,4600,1
746,CC(C)CC1CCNc2cc3nc(O)cc(C(F)(F)F)c3cc21,Ki,22,0
748,C[C@](O)(CN1CCc2cc(Cl)c(F)cc21)C(=O)Nc1ccc(C#N)c(C(F)(F)F)c1,Ki,68,0
751,O=c1cc(C(F)(F)F)c2c3c(ccc2[nH]1)-c1c(O)cccc1OC3,IC50,1.1,0
756,CC12CCC(C)(O1)[C@@H]1C(=O)N(c3ccc(C#N)c(I)c3)C(=O)[C@@H]12,Ki,1,0
757,C=C[C@]12CCC(=C)C=C1CC[C@@H]1[C@@H]2CC[C@]2(C)[C@@H](O)CC[C@@H]12,IC50,330,0
758,C[C@](O)(CN1CCc2c(F)cccc21)C(=O)Nc1ccc(C#N)c(C(F)(F)F)c1,IC50,59,0
762,C[C@](O)(Cn1ccc2c(-c3ccccc3)cccc21)C(=O)Nc1ccc(C#N)c(C(F)(F)F)c1,Ki,84,0
764,CCCCCCCCCCCCCCCC(=O)O,Potency,2.2,0
768,COc1cccc(C(=O)Nc2ccc(Oc3ccc(O)cc3)cc2)c1,IC50,290,0
770,Cc1cc(C(=O)N[C@H]2CC[C@H](Oc3ccnc4c(C#N)cccc34)CC2)no1,IC50,18,0
771,CCCOC(=O)c1ccc(O)cc1,Potency,1412.5,1
776,Cn1cc(C(=O)N[C@H]2C(C)(C)[C@H](Oc3ccc(C#N)c(Cl)c3)C2(C)C)cn1,IC50,20,0
778,CC1(C)CCc2cc3c(C(F)(F)F)cc(S(C)(=O)=O)nc3cc2N1,IC50,479,0
781,CCN(c1cc(C)cc(C)c1)c1cc(C(=O)N2CCCC2)n(C)c1,Ki,2700,1
784,CCN(c1ccc([N+](=O)[O-])cc1)c1cc(C(=O)N2CCCC2)n(C)c1,Ki,2000,1
785,COc1ccc(F)cc1C(C)(C)CC(O)(CNc1cccc2nc(C)ccc12)C(F)(F)F,IC50,1000,0
787,Clc1ccc([C@]2(Cn3cncn3)C[C@@H](Br)CO2)c(Cl)c1,Potency,17782.8,1
791,Cc1nn(Cc2ccccc2)c(-c2ccc(F)cc2)c1-c1ccc2c(c1)NC(=O)CO2,IC50,5600,1
793,Cc1cc(C)cc(N(Cc2ccccc2)c2cc(C(=O)N3CCCC3)n(C)c2)c1,Ki,350,0
796,C=CC1CC2=CC(=O)CCC2C2CC[C@@]3(C)C(C4CC4[C@@]34CCC(=O)O4)C12,IC50,55,0
800,N=c1oc2c(O)cccc2cc1C(=O)Nc1ccccc1Cl,IC50,3300,1
801,C[C@](O)(CBr)C(=O)Nc1ccc([N+](=O)[O-])c(C(F)(F)F)c1,Ki,0.3,0
804,O=c1cc(-c2ccccc2)oc2cccc(O)c12,IC50,300,0
808,CCCC1=C(C(=O)OC)C(c2ccc(F)cc2Cl)C(C#N)=C(C)N1,IC50,100,0
810,Cc1sc(N2CCOCC2)nc1-c1ccccc1,IC50,1460,1
814,Cc1c2c(cc3c(C(F)(F)F)cc(Cl)nc13)C(C)CC(C)(C)N2,IC50,675,0
818,CC(c1ccc(F)cc1)(c1c[nH]c2c(NS(C)(=O)=O)cccc12)C1CC1,Ki,220,0
819,Cc1ccc(OCCn2c(SCCOc3ccccc3)nc3ccccc32)cc1,IC50,13100,1
824,COc1c(O)ccc2oc(=O)c3c(ccc4[nH]c(=O)cc(C)c43)c12,IC50,0.2,0
826,CC1=CC(C)(C)Nc2ccc3c(c21)C(C)Oc1ccc(F)cc1-3,Ki,456,0
827,CCC(C)(C)Nc1ccc2c(C(F)(F)F)cc(=O)[nH]c2c1,Ki,110,0
829,Cc1c(N[C@@H]2CCC[C@]2(C)O)ccc(C#N)c1Cl,Ki,0.68,0
832,Cc1ccc2cc(C(=O)N(Cc3ccco3)C(C)C)[nH]c2c1,IC50,850,0
835,Cc1cc(N2C(=O)[C@H]3C4C=CC(CC4)[C@H]3C2=O)ccc1Br,Ki,0.01,0
838,C[C@](O)(CS(=O)(=O)c1ccccc1Cc1ccccc1)C(=O)Nc1ccc(C#N)c(C(F)(F)F)c1,Ki,2000,1
840,C[C@H](c1ccccc1)N(C)c1cc(C(F)(F)F)c(C#N)cn1,IC50,20,0
843,CC1CC(C)(C)Nc2cc3nc(O)cc(C(F)(F)F)c3cc21,IC50,26,0
846,CC1(C)COC(=O)[C@@H]1Oc1ccc(C#N)c(C(F)(F)F)c1,IC50,42,0
848,CCCSc1ccc(C#N)c(C(F)(F)F)c1,IC50,11,0
852,C[C@H]1Nc2cc3nc(O)cc(C(F)(F)F)c3cc2CC1(C)C,IC50,24,0
856,O=c1cc(C(F)(F)F)c2cc(NCC(F)(F)F)ccc2[nH]1,Ki,16,0
859,CCC1CC(CC)c2cc3c(C(F)(F)F)cc(=O)oc3cc2N1,IC50,7,0
860,CCN(CC)c1ccc2nc(O)cc(C(F)(F)F)c2c1,Ki,4.4,0
865,CC(=O)N[C@H]1C(C)(C)[C@H](Oc2ccc(C#N)c(Cl)c2)C1(C)C,IC50,32,0
866,CC(O)(CS(=O)(=O)c1ccc(F)cc1)C(=O)Nc1ccc(C#N)c(C(F)(F)F)c1,IC50,10,0
869,COc1cc(N2C(=O)C(C)(C)N(CCCS(N)(=O)=O)C2=S)ccc1C#N,IC50,1900,1
870,OC1(C(F)(F)F)CCCc2c1[nH]c1ccc(Cl)c(Cl)c21,IC50,95,0
873,C[C@@H]1COc2c(ccc3[nH]c(=O)cc(C(F)(F)F)c23)N1,IC50,72,0
878,O=C1[C@H]2C3C=CC(C3)[C@H]2C(=O)N1c1ccc(F)c(Cl)c1,Ki,2,0
879,Cc1cccc(Oc2ccc(C#N)c(C(F)(F)F)c2)c1,IC50,770,0
882,CC1CCNc2cc3oc(=O)cc(C(F)(F)F)c3cc21,IC50,1,0
884,CC(C)(C)CNc1ccc2[nH]c(=O)cc(C(F)(F)F)c2c1,IC50,27,0
887,Oc1c(F)cccc1-c1csc(N2CCOCC2)n1,IC50,150,0
888,Cc1nn(-c2ccc(C#N)c(C(F)(F)F)c2)c(C)c1Cc1ccc(F)cc1,IC50,1.4,0
892,N#Cc1cccc(-c2ccc3c(cnn3-c3ccc(F)cc3)c2)c1,IC50,10000,1
895,COc1ccc(-c2ccc(C#N)c(C(F)(F)F)c2)cc1,IC50,0.8,0
896,Cc1nn(-c2ccc(C#N)c(Cl)c2)c(C)c1CCc1ccc(F)cc1,IC50,53,0
897,O=c1cc(C(F)(F)F)c2cc(N(CC(F)F)CC(F)F)ccc2[nH]1,Ki,0.5,0
901,Cc1cc(C2=C(c3ccc(F)cc3)C(=O)NC2C)cc2c1OCC(=O)N2,IC50,10000,1
902,O=c1cc(C(F)(F)F)c2ccc(NCC(F)(F)F)cc2[nH]1,Ki,15,0
905,Cc1cccc(OCCSc2nc3ccccc3[nH]2)c1,IC50,1800,1
908,N#Cc1ccc(C2CCCCC2O)cc1C(F)(F)F,IC50,26,0
911,CCCc1cc2c(C(F)(F)F)cc(=O)[nH]c2cc1N,Ki,9,0
914,CC[C@]12CC[C@@H]3[C@H]4CCC(=O)C=C4[C@H](CO)C[C@H]3[C@@H]1CC[C@@]21C=CCO1,IC50,140,0
916,CCc1c(N2C(=O)[C@@H]3[C@H](O)CCN3C2=O)ccc(C#N)c1C(F)(F)F,Ki,3.3,0
917,C[C@@H]1C(=O)N(c2ccc(C#N)c(Cl)c2)[C@@H](C)[C@H]1O,IC50,1.3,0
922,COc1ccccc1Sc1ccc(C#N)c(C(F)(F)F)c1,IC50,37,0
925,COc1cccc(-c2ccc(C#N)c(C(F)(F)F)c2)c1,IC50,140,0
927,CC[C@@H]1c2cc3c(C(F)(F)F)cc(=O)oc3cc2NC[C@H]1C,IC50,0.3,0
931,CC1CN(C)c2cc3c(C(F)(F)F)cc(=O)[nH]c3cc2O1,Ki,33,0
932,CCC(CC)(c1ccc(O)c(C)c1)c1ccc(O)c(C)c1,IC50,4500,1
935,COCCn1c(SCCOc2cccc(C)c2)nc2ccccc21,IC50,24100,1
936,CCCC(C)N1CC(C)(C)C(Oc2ccc(C#N)c(C(F)(F)F)c2)C1=O,IC50,6,0
938,O=C1[C@H]2C3C=CC(C3)[C@H]2C(=O)N1c1ccc([N+](=O)[O-])c2ccccc12,Ki,0.5,0
942,C[C@]12CC[C@@H]3[C@H]4CCC(=O)C=C4CC[C@H]3[C@@H]1CC[C@@]21C=CCO1,IC50,26,0
943,CN1c2cc3c(cc2[C@H]2CCCC[C@H]21)c(C(F)(F)F)cc(=O)n3C,Ki,10,0
947,CC1CN(CC(F)(F)F)c2cc3c(C(F)(F)F)cc(=O)[nH]c3cc2O1,Ki,15,0
948,N=c1oc2c(O)cccc2cc1C(=O)Nc1cccc(F)c1,IC50,3300,1
950,N#Cc1ccc(C(=O)CC(Nc2ccc([N+](=O)[O-])cc2)c2ccsc2)cc1,Ki,2.3,0
952,C[C@@H]1N(c2ccc(C#N)c(Cl)c2)CC[C@@]1(O)c1ccc(F)cc1,IC50,8,0
953,Cn1c(=O)cc(C(F)(F)F)c2cc3c(cc21)N[C@@H]1CCCC[C@H]31,Ki,4,0
956,CCC1COc2cc3[nH]c(=O)cc(C(F)(F)F)c3cc2N1CC1CC1,Ki,23,0
959,Cc1noc(=O)c2ccc(NC(=O)C(O)(CC(C)(C)c3cc(F)ccc3O)C(F)(F)F)cc12,IC50,158.49,0
962,C[C@H]1[C@@H](O)CCN1c1ccc(C#N)c2ccccc12,IC50,2.2,0
965,C[C@]12CC[C@H]3[C@@H](C=CC4=CC(=O)CC[C@@H]43)[C@@H]1CC[C@@]21C=CCO1,IC50,130,0
968,C=C[C@]12CCC(CC)=CC1=CC[C@@H]1[C@@H]2CC[C@]2(C)[C@@H](O)CC[C@@H]12,IC50,500,0
969,Cc1c(CO)c(-c2ccc([N+](=O)[O-])cc2)c(C)n1Cc1ccccc1,IC50,300,0
970,Clc1cccc(OCCSc2nc3ccccc3[nH]2)c1,IC50,5000,1
971,COc1ccc(F)cc1C(C)(C)CC(O)(CNc1cccc2ccccc12)C(F)(F)F,IC50,1000,0
972,O=C(NC[C@H]1CC[C@H](Oc2ccnc3ccccc23)CC1)c1ccc(F)c(F)c1,IC50,56,0
973,O=C(CC(Nc1ccc([N+](=O)[O-])cc1)C1CCCCC1)c1ccc(Cl)c(Cl)c1,Ki,140,0
974,CCCCCCCCCCCC(=O)OC,Potency,7079.5,1
976,C=CC(=O)OCC(CO)(COC(=O)C=C)COC(=O)C=C,Potency,10000,1
978,CC(=O)O[C@]1(C(C)=O)CC[C@H]2[C@@H]3C[C@H](C)C4=CC(=O)CC[C@]4(C)[C@H]3CC[C@@]21C,Ki,2.9,0
980,Cc1cc([C@H](c2ccccc2)C(C)(C)C(=O)Nc2nncs2)ccc1O,Ki,4000,1
981,Cc1c[nH]c2c(-c3c(F)cc4c(c3F)/C(=N/OC(C)(C)CO)CC(C)(C)N4)cccc12,Ki,290,0
984,NS(=O)(=O)C(F)(F)C(F)(F)C(F)(F)C(F)(F)C(F)(F)C(F)(F)C(F)(F)C(F)(F)F,Potency,14125.4,1
986,CCOP(=S)(OCC)Oc1ccc([N+](=O)[O-])cc1,Potency,1584.9,1
987,Ic1ncn(-c2csc(N3CCOCC3)n2)c1I,IC50,1730,1
988,CCc1cnc(C2=NC(C)(C(C)C)C(=O)N2)c(C(=O)O)c1,Potency,794.3,0
990,COc1cc(SCC2CC2)ccc1C#N,IC50,55,0
992,COc1cc(C(CC(=O)c2cccc(C)c2)Nc2ccc([N+](=O)[O-])cc2)cc(OC)c1OC,Ki,1531,1
994,CCCSc1ccc(C#N)c(OC)c1,IC50,40,0
996,CC(C)(C(=O)Nc1nncs1)[C@H]1c2ccccc2Oc2cc(O)ccc21,Ki,696,0
999,Clc1cn(-c2csc(N3CCOCC3)n2)cn1,IC50,720,0
1000,CC12C[C@@H](O)C(C)(O1)[C@H]1C(=O)N(c3ccc(C#N)c(I)c3)C(=O)[C@H]12,Ki,2.41,0
1002,CC(C)(C)OC(=O)N1CC2CC1[C@@H]1C(=O)N(c3ccc(C#N)c(C(F)(F)F)c3)C(=O)N21,Ki,40,0
1005,C[C@]12CCC3C4CCC(=O)C=C4C4CC4C3C1C1CC1[C@@]21CCC(=O)O1,IC50,330,0
1006,CN(C)c1ccc(-c2cc(=O)c3c(O)cccc3o2)cc1,IC50,850,0
1007,O=C1C2CC=CCC2C(=O)N1SC(Cl)(Cl)Cl,Potency,50.1,0
1009,O=c1[nH]nc(Cc2c(Cl)cccc2Cl)c2ccccc12,IC50,180,0
1011,CC[Si](CC)(c1ccc(NC[C@@H](O)CO)c(C)c1)c1ccc(OCC(=O)C(C)(C)C)c(C)c1,IC50,10000,1
1014,COc1ccccc1CNC(=O)c1cc(C(F)(F)F)nn1-c1csc(CNC(=O)[C@H](C)N)c1,IC50,10000,1
1016,CC(=O)Nc1ccc(Oc2c(C)nn(-c3ccc(C#N)c(Cl)c3)c2C)cn1,IC50,350,0
1017,COc1ccc2c(c1)OC(c1ccccc1O)CC2=O,IC50,10000,1
1019,C=C1CC[C@@H](Br)C(C)(C)[C@@H]1Cc1cc(OC)c(Br)cc1O,IC50,238,0
1020,O=c1c(-c2ccc(O)cc2)coc2cc(O)cc(O)c12,Potency,3548.1,1
1022,COc1cc(F)ccc1-c1csc(N2CCOCC2)n1,IC50,230,0
1024,N#Cc1ccc(SCC2CC2)cc1C(F)(F)F,IC50,35,0
1027,OC1(C(F)(F)F)CCCc2c1[nH]c1cc(Cl)c(Cl)c(Cl)c21,IC50,410,0
1028,Nc1ccc2nc(O)cc(C(F)(F)F)c2c1,IC50,26,0
1030,Oc1ccc2c(c1)CC[C@@H]1C[C@@](O)(C#CCl)CC[C@@]21Cc1ccccc1,Ki,130,0
1033,Cc1cc(-c2cccc3cc[nH]c23)c(Cl)c2c1NC(C)(C)[C@@H](O)[C@H]2C,Ki,400,0
1035,Cc1ccc2c(N[C@H]3c4ccc(F)c(O)c4[C@H](C)C[C@]3(O)C(F)(F)F)cccc2n1,IC50,1000,0
1036,CC1(C)OC(=O)C(c2ccc(F)cc2)=C1c1ccc2c(c1)NC(=O)CO2,IC50,10000,1
1039,O=C1CC(c2ccccc2)Oc2ccc(O)cc21,IC50,3300,1
1040,CC(C)(C)C(O)/C(=C\c1ccc(Cl)cc1Cl)n1cncn1,Potency,17782.8,1
1042,CCC(CC)(c1ccc(NCC(O)CO)c(C)c1)c1ccc(OCC(=O)C(C)(C)C)c(C)c1,Ki,1170,1
1045,CCOC(=O)[C@H](C)Oc1ccc(Oc2nc3ccc(Cl)cc3o2)cc1,Potency,22387.2,1
1046,COc1ccc2oc(=O)c3c(ccc4[nH]c(=O)cc(C)c43)c2c1,IC50,0.8,0
1048,C=C1C[C@H](C)CC(C)(C)[C@@H]1Cc1cc(OC)c(Br)cc1O,Ki,696,0
1051,CC1(C)CNC(=O)C1Oc1ccc(C#N)c(C(F)(F)F)c1,IC50,82,0
1053,C[C@]12C[C@H](O)[C@H]3[C@@H](CCC4=CC(=O)CC[C@@]43C)[C@@H]1CC[C@@H]2C(=O)CO,Potency,223.9,0
1054,CCCCSc1cc(C(F)(F)F)c2cc3c(cc2n1)NC(C)(C)CC3,Ki,1000,0
1055,CCN(CC)c1ccccc1Cc1n[nH]c(=O)c2ccccc12,IC50,1660,1
1056,c1ccc(OCCSc2nc3ccccc3[nH]2)cc1,IC50,4200,1
1058,C=C1CCC[C@@H](C)[C@@H]1Cc1cc(OC)c(Br)cc1O,Ki,570,0
1061,CC[C@H]1[C@@H](O)CC(=O)N1c1ccc(C#N)c(Cl)c1C,IC50,9,0
1062,CN(C)c1ccc(C(=O)c2ccc(N(C)C)cc2)cc1,Potency,4466.8,1
1065,Cc1[nH]nc(-c2ccc3c(c2)NC(=O)CO3)c1-c1ccc(F)cc1,IC50,10000,1
1066,COCOc1ccccc1/C=C/C(=O)c1cc(F)ccc1O,IC50,10000,1
1068,CC1=CC(C)(C)Nc2cc3c(cc21)c(C(F)(F)F)cc(=O)n3C,IC50,34,0
1069,CC1=CC(C)(C)Nc2cc3nc(Cl)cc(C(F)(F)F)c3cc21,IC50,30,0
1072,Cc1c(N2C(=O)[C@@H]3[C@H](O)CCN3S2(=O)=O)ccc(C#N)c1Cl,Ki,0.45,0
1073,C[C@]12CC[C@@H]3[C@H]4CCC(=O)C=C4CC[C@H]3[C@@H]1CC1(CC1)[C@@]21C=CCO1,IC50,11,0
1075,COc1ccc(/C=C/C(=O)c2cc(Cl)ccc2O)cc1OC,IC50,5250,1
1077,CCOC(=O)c1c(-c2ccc([N+](=O)[O-])cc2)c(C)n(C(=O)c2ccccc2)c1C,IC50,150,0
1078,CN(C)c1ccc2nc(O)cc(C(F)(F)F)c2c1,IC50,34,0
1080,N#CCn1c(C#N)ccc1-c1ccc(O)cc1F,IC50,6032,1
1081,N#Cc1ccc2[nH]c3c(c2c1)CCCC3(O)C(F)(F)F,IC50,480,0
1084,Cc1c(/N=C2\OC[C@@H]3[C@@H](O)CCN23)ccc(C#N)c1Cl,Ki,0.3,0
1086,C=C[C@]12CCC(C)=CC1=CC[C@@H]1[C@@H]2CC[C@@]2(C)[C@H]1CC[C@]2(C)O,IC50,520,0
1087,C[C@@](c1ccc(F)cc1F)(c1c[nH]c2c(NS(C)(=O)=O)cccc12)C1CC1,Ki,211,0
1089,N#Cc1ccc(-c2ccccc2OCC(=O)O)cc1C(F)(F)F,IC50,10000,1
1090,Cc1cccc(OCCSc2nc3ccccc3n2C)c1,IC50,45000,1
1091,CCC1CCN(C)c2cc3nc(O)cc(C(F)(F)F)c3cc21,Ki,630,0
1093,C=C1C=C(C)CC(C)(C)C1Cc1cc(OC)c(Br)cc1O,Ki,1449,1
1095,Cc1c(/N=C2\N(C)C[C@@H]3[C@H](O)CCN23)ccc(C#N)c1Cl,Ki,1.9,0
1098,N#Cc1ccc(CN2CCN(c3ccc4nnc(C(F)(F)F)n4n3)CC2)cc1,IC50,1513.56,1
1099,CC1(C)CCc2cc3c(C(F)(F)F)cc(SCC(F)(F)F)nc3cc2N1,IC50,889,0
1100,COC(=O)c1c(-c2ccc(C#N)cc2)c(C)n(Cc2ccccc2)c1C,IC50,27,0
1101,CC1(C)CNc2cc3nc(O)cc(C(F)(F)F)c3cc21,IC50,10,0
1103,O=C(c1ccc(N(Cc2ccccc2)c2ccc([N+](=O)[O-])cc2)cc1)N1CCCC1,Ki,340,0
1106,Cc1c(N2C[C@@H]3[C@H](O)CCN3S2(=O)=O)ccc(C#N)c1Cl,Ki,14,0
1108,C[C@H]1CNc2cc3nc(O)cc(C(F)(F)F)c3cc2C1CCC(F)(F)F,Ki,2,0
1110,Cc1c(C#N)c(-c2ccc(C#N)cc2)cn1Cc1cnc(Cl)c(CO)c1,IC50,78,0
1112,CC1Cc2cc3c(C(F)(F)F)cc(O)nc3cc2NC1(C)C,IC50,30,0
1114,N#Cc1ccc(N2C(=O)[C@@H]3[C@H](O)CCN3C2=O)cc1Cl,Ki,1.5,0
1116,O=c1cc(C(F)(F)F)c2cc3c(cc2o1)NCCC3C(F)(F)F,IC50,2,0
1117,Cn1c(=O)cc(C(F)(F)F)c2cc3c(cc21)NC(C)(C)CC3,IC50,36,0
1120,Cc1c(C#N)c(-c2ccc(C#N)cc2)c(C)n1Cc1ccccc1,IC50,1.4,0
1121,O=C1[C@H]2C3CCC(C3)[C@H]2C(=O)N1c1ccc([N+](=O)[O-])c(C(F)(F)F)c1,Ki,2,0
1124,CCOC(=O)c1cn(C[C@](C)(O)C(=O)Nc2ccc(C#N)c(C(F)(F)F)c2)c2ccccc12,IC50,972,0
1125,Clc1ccc(COC(Cn2ccnc2)c2ccc(Cl)cc2Cl)cc1.O=[N+]([O-])O,Potency,31622.8,1
1127,CC(O)(CSc1cc(C(F)(F)F)cc(C(F)(F)F)c1)C(=O)Nc1ccc([N+](=O)[O-])c(C(F)(F)F)c1,IC50,710,0
1130,C[C@@H]1c2cc3c(C(F)(F)F)cc(O)nc3cc2NC(C)(C)[C@H]1C,Ki,151,0
1132,CC1(C)CCc2cc3c(cc2N1)NC(C#N)C=C3C(F)(F)F,IC50,9,0
1133,Cc1cc(C#N)ccc1N1C(=O)[C@@H]2[C@H](O)CCN2C1=O,Ki,8.5,0
1135,CCCC[S+]([O-])c1cc(C(F)(F)F)c2cc3c(cc2n1)NC(C)(C)CC3,Ki,96,0
1137,O=c1cc(C(F)(F)F)c2c(ccc3c2oc(=O)c2cccc(O)c23)[nH]1,Ki,3,0
1139,O=C1COc2ccc(C3=C(c4ccc(F)cc4F)C(=O)OC3)cc2N1,IC50,10000,1
1140,NC(=O)c1ccc(-c2cc(=O)c3c(O)cccc3o2)cc1,IC50,3548.13,1
1142,COc1ccccc1-c1c[nH]c2c(NS(C)(=O)=O)cccc12,Ki,401,0
1143,Cc1cc(=O)[nH]c2ccc3c(c12)COc1cccc(CO)c1-3,IC50,0.3,0
1144,COc1cccc(F)c1Oc1ccc(C#N)c(C(F)(F)F)c1,IC50,42,0
1146,CC(=O)Nc1ccc(OC[C@](C)(O)C(=O)Nc2ccc([N+](=O)[O-])c(C(F)(F)F)c2)cc1,Ki,4,0
1149,O=c1cc(C(F)(F)F)c2cc3c(cc2[nH]1)OCC1CCCCN31,Ki,16,0
1150,C=C[C@]12CC[C@](C)(O)CC1=CC[C@@H]1[C@@H]2CC[C@]2(C)[C@@H](O)CC[C@@H]12,IC50,842,0
1153,O=C1[C@@H]2C3CCC(O3)[C@@H]2C(=O)N1c1ccc(Cl)c(C(F)(F)F)c1,Ki,1110,1
1154,C[C@H]1CC[C@H]2Nc3cc4nc(O)cc(C(F)(F)F)c4cc3[C@H]2C1,Ki,23,0
1156,Cc1c(N2CC[C@](C)(O)[C@@H]2C)ccc(C#N)c1Cl,IC50,0.2,0
1157,Oc1cc(C(F)(F)F)c2cc3c(cc2n1)NCCC3,IC50,12,0
1159,C[C@@H]1CC[C@H]([C@@H](O)C(F)(F)F)N1c1ccc2[nH]c(=O)cc(C(F)(F)F)c2c1,Ki,1.5,0
1161,C[C@H]1CN(C(=O)Nc2ccc[n+]([O-])c2)[C@H](C)CN1c1ccc(C#N)c(C(F)(F)F)c1,IC50,10000,1
1163,CC1(C)OC(=O)Nc2ccc(-c3cc(F)cc(C#N)c3)cc21,IC50,1292,1
1164,C/C=C1/C(=O)C[C@H]2[C@@H]3CCC4=CC(=O)CC[C@]4(C)[C@H]3CC[C@]12C,IC50,220,0
1167,CCn1c(=O)n(-c2ccc(C#N)c(C(F)(F)F)c2)c2ccccc21,IC50,293,0
1169,c1ccc(CCSc2nc3ccccc3[nH]2)cc1,IC50,7400,1
1170,Cc1cc(C(O)(C(F)(F)F)C(F)(F)F)cc2c1[nH]c(=O)c1cc(F)ccc12,IC50,1800,1
1172,O=C1c2ccccc2C(=O)N1c1nc(-c2ccccc2)cs1,IC50,36840,1
1174,C[C@]12CC[C@H]3[C@@H](CC=C4[C@@H]5C(=O)CC[C@@]43C[C@@H]5O)[C@@H]1CC[C@@H]2O,IC50,1000,0
1175,C[C@H]1[C@@H](O)C(C)(C)C(=O)N1c1ccc(C#N)c(Cl)c1,IC50,14,0
1177,CSc1cc(N2C(=O)[C@H]3[C@@H](C2=O)C2(C)CCC3(C)O2)ccc1C#N,Ki,3,0
1178,O=C1[C@H]2C3C=CC(CC3)[C@H]2C(=O)N1c1cccc(C(F)(F)F)c1,IC50,0.4,0
1180,COc1ccc(NC(CC(=O)c2ccc(C)cc2)c2ccccc2)cc1,Ki,4523,1
1182,C[C@]12CC[C@H]3[C@H]([C@@H]1[C@@H]1C[C@@H]1[C@@]21CCC(=O)O1)[C@H]1C[C@H]1C1=CC(=O)CC[C@@]13C,IC50,630,0
1183,O=C1[C@H]2C3CCC(C3)[C@H]2C(=O)N1c1cccc(C(F)(F)F)c1,Ki,2,0
1185,CCC1(C)CCc2cc3c(C(F)(F)F)cc(=O)n(C)c3cc2N1C,Ki,10,0
1187,CC12CCC3c4ccc(O)cc4CCC3C1CCC2O,Potency,3.2,0
1189,C[C@]12CC[C@H]3[C@@H](CC=C4[C@H]5CC[C@]43CC[C@H]5O)[C@@H]1CC[C@@H]2O,IC50,1120,1
1191,CCCCN(CCCC)c1ccc2nc(O)cc(C(F)(F)F)c2c1,IC50,29.5,0
1192,COCCOCCOc1ccccc1-c1ccc(C#N)c(C(F)(F)F)c1,IC50,8140,1
1194,O=c1cc(C(F)(F)F)c2cc(N(Cc3ccoc3)CC(F)(F)F)ccc2[nH]1,Ki,14,0
1195,Cc1ccc(C(=O)CC(Nc2ccc(F)c(F)c2)c2cccc(F)c2)cc1,Ki,1214,1
1197,C[C@]12CC[C@@H]3[C@H]4CCC(=O)C(Cl)=C4CC[C@H]3[C@@H]1CC[C@@]21C=CC(=O)O1,IC50,140,0
1198,C[C@]12CC[C@H]3[C@@H](C=CC4=CC(=O)CC[C@@H]43)[C@@H]1CC[C@@]21C=CC(=O)O1,IC50,10000,1
1200,COC[C@@H]1C[C@H]2[C@@H]3CC[C@H]4N(C)C(=O)C=C[C@]4(C)[C@H]3CC[C@]2(C)[C@H]1O,IC50,24,0
1201,CCC1OC(=O)C(c2ccc(F)cc2)=C1c1ccc2c(c1)NC(=O)CO2,IC50,10000,1
1202,C[C@]1(O)CCC2C3CCC4=CC(=O)CC[C@]4(C)[C@@]3(F)[C@@H](O)C[C@@]21C,IC50,0,0
1204,CC#C[C@@]1(O)CC[C@@]2(CC)c3ccc(O)cc3CC[C@@H]2C1,IC50,420,0
1207,C[C@]12CC[C@@H]3[C@H]4CCC(=O)C=C4C4(CC4)C[C@H]3[C@@H]1CC[C@@]21C=CC(=O)O1,IC50,37,0
1209,O=C1[C@H]2[C@H]3CC[C@H](C3)N2C(=O)N1c1ccc([N+](=O)[O-])c2ccccc12,Ki,1,0
1211,O=C1[C@H]2C[C@@H](O)CN2C(=O)N1c1ccc([N+](=O)[O-])c2ccccc12,Ki,1.5,0
1212,N#Cc1ccc(N2C(=O)[C@@H]3[C@H](O)CCN3C2=O)c2ccccc12,Ki,3.2,0
1214,O=C1[C@@H]2[C@H](O)CCN2C(=O)N1c1ccc([N+](=O)[O-])c2ccccc12,Ki,1.5,0
1216,Cc1ccc(C(=O)CC(Nc2ccc(C(F)(F)F)cc2)c2cccc(F)c2)cc1,Ki,10000,1
1218,CC(=O)[C@@]1(O)CC[C@H]2[C@@H]3CCC4=CC(=O)CC[C@]4(C)[C@H]3CC[C@@]21C,Potency,2,0
1220,CC1(C)CN(Cc2noc(-c3ccccc3)n2)C(=O)C1Oc1ccc(C#N)c(C(F)(F)F)c1,IC50,40,0
1221,OCCOCCOCCO,Potency,31.6,0
1222,C=CCCCCCCCCCC,Potency,5.6,0
1223,C=CC(=O)NCNC(=O)C=C,Potency,44668.4,1
1224,CCCCOCCOCCO,Potency,28183.8,1
1225,C=CC(=O)OCCOCCOC(=O)C=C,Potency,25118.9,1
1226,C=CC(=O)OCCCCCCOC(=O)C=C,Potency,6309.6,1
1227,NCCCCCCCCCCCC(=O)O,Potency,44668.4,1
1228,CC(O)CN(CC(C)O)CC(C)O,Potency,2,0
1229,C=C(C)C(=O)OCCOC(=O)C(=C)C,Potency,7.9,0
1230,CCCCO[PH](=O)OCCCC,Potency,2,0
1231,CCCCOC(=O)/C=C\C(=O)OCCCC,Potency,3.2,0
1232,CC(C)O,Potency,63.1,0
1233,CCCCCCCCCCCC(=O)N(C)CC(=O)[O-].[Na+],Potency,22387.2,1
1234,COc1cc(CC2C(C)(C)CC(C)=CC23CC3)c(OC(C)=O)cc1Br,Ki,3008,1
1235,CC(C)S,Potency,44668.4,1
1236,CCCCCCCCCCCC[N+](C)(C)[O-],Potency,44668.4,1
1237,CCS(=O)(=O)c1cccnc1S(=O)(=O)NC(=O)Nc1nc(OC)cc(OC)n1,Potency,22387.2,1
1238,CCCCCO,Potency,15.8,0
1239,C/C=C/C=C/C(=O)O,Potency,22.4,0
1240,CCOCCOC(C)=O,Potency,35481.3,1
1241,CCCCC(CC)COC(=O)CS,Potency,1.3,0
1242,O=C(Oc1ccccc1)c1cccc(C(=O)Oc2ccccc2)c1,Potency,31622.8,1
1243,CCCCCC[N+](=O)[O-],Potency,56.2,0
1244,CC(=O)O[C@]1(C(C)=O)CCC2C3C=C(Cl)C4=CC(=O)[C@@H]5CC5[C@]4(C)C3CC[C@@]21C,IC50,4.7,0
1245,CCCCCCCCCCCCCCCC[N+](C)(C)C.[Br-],Potency,44668.4,1
1246,O=CCCCC=O,Potency,50118.7,1
1247,CCC/C=N/O,Potency,4,0
1248,C=CC(=O)CC,Potency,70794.6,1
1249,ClCCOP(OCCCl)OCCCl,Potency,31622.8,1
1250,CCCCCCCCCCCCCC(=O)OC(C)C,Potency,28.2,0
1251,CCN(CC)CCO,Potency,4466.8,1
1252,O=C(O)CCC(=O)C(=O)O,Potency,50118.7,1
1253,CCCCCCCC/C=C\CCCCCCCC(=O)OC,Potency,1.3,0
1254,CN(C)C(=S)[S-].CN(C)C(=S)[S-].[Zn+2],Potency,25118.9,1
1255,CCCCC/C=C\C/C=C\CCCCCCCC(=O)O,Potency,22387.2,1
1256,O=S(=O)([O-])[O-].OC[P+](CO)(CO)CO.OC[P+](CO)(CO)CO,Potency,35481.3,1
1257,C/C=C(/C)C#N,Potency,44668.4,1
1258,CN(C)CCOCCN(C)C,Potency,10000,1
1259,NO.NO.O=S(=O)(O)O,Potency,50118.7,1
1260,CC(C)(O)CCC(C)(C)O,Potency,7943.3,1
1261,O=C(O)C(Cl)Br,Potency,44668.4,1
1262,CN(C)CCCNCCCN,Potency,17.8,0
1263,CN(N=O)C(=N)N[N+](=O)[O-],Potency,50118.7,1
1264,c1cc(OCC2CO2)cc(OCC2CO2)c1,Potency,25118.9,1
1265,CN(CCCl)CCCl.Cl,Potency,12589.3,1
1266,COCC(=O)O,Potency,28183.8,1
1267,N#CSCSC#N,Potency,15848.9,1
1268,O=C/C(Cl)=C(/Cl)C(=O)O,Potency,44668.4,1
1269,[Na+].c1nc[n-]n1,Potency,1122,1
1270,CCBr,Potency,50118.7,1
1271,C=C(C)C(=O)OCC(C)O,Potency,56234.1,1
1272,CC(C)(O)C(=O)O,Potency,25118.9,1
1273,CCC(O)OC(O)CC,Potency,1412537.5,1
1274,O=C(O)C(Cl)(Cl)Cl,Potency,44668.4,1
1275,Cl/C=C/Cl,Potency,39.8,0
1276,CCCCCCCCCc1ccc(O)cc1,Potency,35.5,0
1277,COP(=O)(OC)OC=C(Cl)Cl,Potency,39810.7,1
1278,CC(C)=CCC/C(C)=C/C=O,Potency,44668.4,1
1279,CNC(=O)Oc1cccc(/N=C/N(C)C)c1.Cl,Potency,10000,1
1280,O=[N+]([O-])c1ccc(NCCO)c(OCCO)c1,Potency,8912.5,1
1281,COC(=O)/C=C(\C)OP(=O)(OC)OC,Potency,28183.8,1
1282,C=CC(C)(O)CCCC(C)CCCC(C)CCCC(C)C,Potency,70794.6,1
1283,C=CC(=O)OCCOCCOCCOCCOC(=O)C=C,Potency,44668.4,1
1284,Cn1cc(N(CC2CCCCC2)c2ccc([N+](=O)[O-])cc2)cc1C(=O)N1CCCC1,Ki,520,0
1285,CCC1CO1,Potency,28183.8,1
1286,CCCCC(CC)C(=O)O,Potency,28183.8,1
1287,S=C1NCCN1,Potency,2.2,0
1288,CCCCC(=O)Cl,Potency,39.8,0
1289,CC1(C)C(C(=O)OC(C#N)c2cccc(Oc3ccccc3)c2)C1(C)C,Potency,39810.7,1
1290,Cc1c[nH]cn1,Potency,35481.3,1
1291,C[Si](C)(C)Cl,Potency,50118.7,1
1292,CC(C)COC(=O)c1ccccc1C(=O)OCC(C)C,Potency,50118.7,1
1293,CCCSP(=O)(OCC)SCCC,Potency,6309.6,1
1294,CCCCCCCCOC(=O)c1cc(O)c(O)c(O)c1,Potency,14125.4,1
1295,CNC(=O)O/N=C/C(C)(C)SC,Potency,15848.9,1
1296,CCOP(=O)(OCC)SCS(=O)(=O)C(C)(C)C,Potency,31622.8,1
1297,O=C(OCC1CO1)C1CCCCC1C(=O)OCC1CO1,Potency,39810.7,1
1298,CCOC(=O)c1c(-c2ccc([N+](=O)[O-])cc2)c(C)n(CC2CCCCC2)c1C,IC50,310,0
1299,CCCCCCC(C)(C)S,Potency,3.2,0
1300,CCOP(=O)(OCC)OC(Cl)C(Cl)(Cl)Cl,Potency,10000,1
1301,CNC(=N)NCC1CCOC1.O=P(O)(O)O,Potency,35481.3,1
1302,COP(N)(=O)SC,Potency,398.1,0
1303,CC(C)OS(C)(=O)=O,Potency,2238.7,1
1304,Cn1cc(N(Cc2ccccc2)c2ccc([N+](=O)[O-])cc2)cc1C(=O)N1C[C@H](O)[C@@H](O)C1,IC50,13700,1
1305,CC(=O)OC(C)C,Potency,31622.8,1
1306,NC(=S)NNC(N)=S,Potency,28183.8,1
1307,C=C1C=C(C)CC(C)(C)C1Cc1cc(OC)c(Br)cc1OC(C)=O,Ki,1942,1
1308,COC(=O)C1CCC(C(=O)OC)CC1,Potency,50118.7,1
1309,Oc1c(Br)c(Br)c(Br)c(Br)c1Br,Potency,44668.4,1
1310,COP(=O)(OC)C(O)C(Cl)(Cl)Cl,Potency,10000,1
1311,CC(C)(C)OC=O,Potency,31622.8,1
1312,CCCCNC(=O)n1c(NC(=O)OC)nc2ccccc21,Potency,3162.3,1
1313,CCOC(=O)c1c(-c2ccc([N+](=O)[O-])cc2)c(C)n(S(=O)(=O)c2ccccc2)c1C,IC50,130,0
1314,Oc1c(Br)cc(Br)cc1Br,Potency,3162.3,1
1315,CC1=CC(=O)[N-]S(=O)(=O)O1.[K+],Potency,3.2,0
1316,CCCC(=O)Cl,Potency,50118.7,1
1317,O=C(O)CN(CCCN(CC(=O)O)CC(=O)O)CC(=O)O,Potency,28183.8,1
1318,Cc1ncc(CO)c(CO)c1O.Cl,Potency,28183.8,1
1319,CCNc1nc(NCC)nc(SC)n1,Potency,50118.7,1
1320,CN(C)C(=S)SSC(=S)N(C)C,Potency,891.3,0
1321,OC(CCl)CCl,Potency,223.9,0
1322,[O-][n+]1ccccc1[S-].[O-][n+]1ccccc1[S-].[Zn+2],Potency,1778.3,1
1323,Cc1ccc(S(=O)(=O)C(I)I)cc1,Potency,39810.7,1
1324,Oc1ccc(O)cc1,Potency,44668.4,1
1325,CN(C)C(=S)SC(=S)N(C)C,Potency,19952.6,1
1326,Nc1c(Cl)c(Cl)nc(C(=O)O)c1Cl,Potency,11220.2,1
1327,C=CCOC(=O)c1ccccc1N,Potency,31622.8,1
1328,COC(=O)c1ccccc1S(=O)(=O)NC(=O)Nc1nc(C)nc(OC)n1,Potency,7.1,0
1329,CCOP(=S)(OCC)SCSC(C)(C)C,Potency,1.4,0
1330,N#CC(Br)(Br)C(N)=O,Potency,39810.7,1
1331,CCOC(=O)c1ccccc1C(=O)OCC,Potency,14125.4,1
1332,CN(C)c1ccc(/N=N/S(=O)(=O)[O-])cc1.[Na+],Potency,39810.7,1
1333,COC(=O)C(C)Oc1ccc(Oc2ccc(Cl)cc2Cl)cc1,Potency,39810.7,1
1334,ClC(Cl)=C(Cl)C(Cl)=C(Cl)Cl,Potency,44.7,0
1335,Nc1ccc(O)cc1,Potency,44668.4,1
1336,Cc1nc2ncccn2c1C(=O)N[C@H]1C(C)(C)[C@H](Oc2ccc(C#N)c(Cl)c2)C1(C)C,IC50,69,0
1337,O=C(O)/C=C/c1ccc(/C=C/C(=O)O)cc1,Potency,2.5,0
1338,C1CCC2OC2C1,Potency,5,0
1339,O=S(=O)(O)c1ccccc1,Potency,125.9,0
1340,C=CCc1ccc(O)c(OC)c1,IC50,19000,1
1341,OCCOc1ccccc1,Potency,35481.3,1
1342,N#Cc1cc(Br)c(O)c(Br)c1,Potency,15848.9,1
1343,O=C(O)COc1nc(Cl)c(Cl)cc1Cl,Potency,15848.9,1
1344,CC(=O)OC/C=C(\C)CCC=C(C)C,Potency,28183.8,1
1345,CC(=O)Oc1ccccc1C(=O)Nc1ncc([N+](=O)[O-])s1,Potency,15848.9,1
1346,COc1cc2c(c(OC)c1OC)-c1ccc(OC)c(=O)cc1[C@@H](NC(C)=O)CC2,Potency,11.2,0
1347,CC(=O)Oc1ccc(C(c2ccc(OC(C)=O)cc2)c2ccccn2)cc1,Potency,56234.1,1
1348,CCN(CC)c1ccc(N)cc1,Potency,28183.8,1
1349,Nc1cc([N+](=O)[O-])ccc1O,Potency,31622.8,1
1350,COC(=O)C1=C(C)NC(C)=C(C(=O)OC(C)(C)C)[C@@H]1c1cccc([N+](=O)[O-])c1,IC50,1270,1
1351,Nc1ccc(C(=O)O)cc1,Potency,28183.8,1
1352,O=C1C2(Cl)C3(Cl)C4(Cl)C(Cl)(Cl)C5(Cl)C3(Cl)C1(Cl)C5(Cl)C24Cl,Potency,44668.4,1
1353,O=C1OC(=O)c2c(Br)c(Br)c(Br)c(Br)c21,Potency,39810.7,1
1354,CCOP(=O)(OCC)Oc1nc(Cl)c(Cl)cc1Cl,Potency,12589.3,1
1355,COC(=O)Nc1cccc(OC(=O)Nc2cccc(C)c2)c1,Potency,22387.2,1
1356,Oc1ccccc1,Potency,50118.7,1
1357,CC(=O)Nc1ccc(C(=O)O)cc1,Potency,7079.5,1
1358,CC(=O)Oc1ccccc1C(=O)O,Potency,39810.7,1
1359,CCCCOC(=O)c1ccc(N)cc1,Potency,15848.9,1
1360,COc1ccc(N)cc1.Cl,Potency,17782.8,1
1361,CCNc1nc(Cl)nc(NC(C)(C)C#N)n1,Potency,39810.7,1
1362,COP(=S)(OC)Oc1ccc([N+](=O)[O-])cc1,Potency,22387.2,1
1363,COC(=O)[C@@H]1[C@H](O)CCN1S(=O)(=O)c1ccc(C#N)c(Cl)c1C,Ki,36,0
1364,O=C(O)c1ccc(C(=O)O)cc1,Potency,50118.7,1
1365,CNc1ccc(O)cc1.CNc1ccc(O)cc1.O=S(=O)(O)O,Potency,17782.8,1
1366,O.O=C([O-])COc1ccc(Cl)cc1Cl.[Na+],Potency,50118.7,1
1367,CCC(C)c1cc([N+](=O)[O-])cc([N+](=O)[O-])c1O,Potency,17782.8,1
1368,CCCCC(CC)COC(=O)/C=C\C(=O)OCC(CC)CCCC,Potency,79432.8,1
1369,O=[N+]([O-])c1ccc([N+](=O)[O-])cc1,Potency,50118.7,1
1370,O=C(O)C(F)(F)C(F)(F)C(F)(F)C(F)(F)C(F)(F)C(F)(F)C(F)(F)F,Potency,50118.7,1
1371,CC(=O)NS(=O)(=O)c1ccc(N)cc1,Potency,125.9,0
1372,Cc1cc([N+](=O)[O-])cc([N+](=O)[O-])c1O,Potency,25118.9,1
1373,O.O=C(O)C1C2CCC(O2)C1C(=O)O,Potency,44668.4,1
1374,Nc1ccccc1N,Potency,19952.6,1
1375,COP(=O)(OC)Oc1nc(Cl)c(Cl)cc1Cl,Potency,14125.4,1
1376,Nc1ccc([N+](=O)[O-])cc1,Potency,50118.7,1
1377,CC(C)OC(=O)Nc1ccccc1,Potency,2.2,0
1378,Nc1c(Br)cc([N+](=O)[O-])cc1[N+](=O)[O-],Potency,44668.4,1
1379,CCOP(=O)(SC(C)CC)N1CCSC1=O,Potency,1412.5,1
1380,Oc1c(Cl)ccc(Cl)c1Cl,Potency,17.8,0
1381,O=C(O)c1cccc(C(=O)O)c1,Potency,15848.9,1
1382,Nc1ccc([N+](=O)[O-])cc1Cl,Potency,39810.7,1
1383,COc1ccccc1O,Potency,12589.3,1
1384,COC(=O)c1ccc(CNS(C)(=O)=O)cc1S(=O)(=O)NC(=O)Nc1nc(OC)cc(OC)n1,Potency,39.8,0
1385,COC(=O)c1ccc(C=O)cc1,Potency,15848.9,1
1386,Oc1c(Cl)cc(Cl)cc1Cl,Potency,28183.8,1
1387,Nc1ccc(N)c([N+](=O)[O-])c1,Potency,44668.4,1
1388,Cc1nn(-c2ccc(C#N)c(Cl)c2)c(C)c1-c1ccc(F)cc1,IC50,180,0
1389,COc1ccc(C=O)cc1,Potency,56234.1,1
1390,C=CCc1ccc(OC)c(OC)c1,Potency,39.8,0
1391,CN(c1c(Br)cc(Br)cc1Br)c1c([N+](=O)[O-])cc([N+](=O)[O-])cc1C(F)(F)F,Potency,7079.5,1
1392,CCOP(=O)(OCC)Oc1cc(C)nc(C(C)C)n1,Potency,28.2,0
1393,Cc1ccc(S(=O)(=O)NC2CCCCC2)cc1,Potency,112.2,0
1394,Oc1cccc(O)c1O,Potency,50118.7,1
1395,CCOP(=S)(OCC)Oc1nc(Cl)c(Cl)cc1Cl,Potency,17782.8,1
1396,O=C1C(Cl)=C(Cl)C(=O)C(Cl)=C1Cl,Potency,26833.9,1
1397,CC(C)N(C(=O)CCl)c1ccccc1,Potency,39810.7,1
1398,Nc1cc(Cl)c(O)c(Cl)c1,Potency,31622.8,1
1399,COc1cccc(N)c1,Potency,11.2,0
1400,O=c1n(CC2CO2)c(=O)n(CC2CO2)c(=O)n1CC1CO1,Potency,11220.2,1
1401,CCOC(=O)Nc1cccc(OC(=O)Nc2ccccc2)c1,Potency,25118.9,1
1402,Nc1ccc(Cl)cc1Cl,Potency,44668.4,1
1403,Oc1cccc(O)c1,Potency,15848.9,1
1404,Cc1ccc(CO)cc1,Potency,6309.6,1
1405,Nc1ccc(Br)cc1,Potency,28183.8,1
1406,CO/N=C(/C(=O)OC)c1ccccc1COc1ccccc1C,Potency,14125.4,1
1407,COP(=O)(OC)O/C(=C\Cl)c1cc(Cl)c(Cl)cc1Cl,Potency,44668.4,1
1408,CCNc1cc(O)ccc1C,Potency,8912.5,1
1409,CC(=O)c1ccc([N+](=O)[O-])cc1,Potency,44668.4,1
1410,COC(=O)c1ccccc1,Potency,31622.8,1
1411,CCOc1nc(NC)nc(NC(=O)NS(=O)(=O)c2ccccc2C(=O)OC)n1,Potency,1.6,0
1412,CCOC(=O)C(C)Oc1ccc(Oc2cnc3cc(Cl)ccc3n2)cc1,Potency,223.9,0
1413,C=C(CC)C(=O)c1ccc(OCC(=O)O)c(Cl)c1Cl,Potency,44668.4,1
1414,COP(=S)(OC)Oc1nc(Cl)c(Cl)cc1Cl,Potency,12589.3,1
1415,CCC(C)Nc1ccc(NC(C)CC)cc1,Potency,12589.3,1
1416,O=C(NO)c1ccccc1,Potency,15848.9,1
1417,COc1cc(C=O)ccc1O,Potency,5011.9,1
1418,Oc1c(Cl)c(Cl)c(Cl)c(Cl)c1Cl,Potency,12589.3,1
1419,Clc1ccc(Cl)c(Cl)c1,Potency,28183.8,1
1420,CN(C)c1ccc(N=O)cc1,Potency,19952.6,1
1421,O=C(O)c1cc(Cl)ccc1Cl,Potency,6309.6,1
1422,CC(=O)Nc1cccc(N)c1,Potency,20,0
1423,Cc1c(N2C(=O)C(C)(C)N(CCCS(N)(=O)=O)C2=S)ccc(C#N)c1C(F)(F)F,IC50,260,0
1424,C=C1C(CCl)(CCl)C2(Cl)C(Cl)C(Cl)C1(Cl)C2(Cl)Cl,Potency,39810.7,1
1425,C=CC1CC=CCC1,Potency,25118.9,1
1426,Cc1ccc(O)cc1,Potency,70794.6,1
1427,O=[N+]([O-])c1ccc(Cl)c([N+](=O)[O-])c1,Potency,39810.7,1
1428,Nc1c(Cl)cc([N+](=O)[O-])cc1Cl,Potency,14125.4,1
1429,COc1cc(/C=C/c2ccccc2)oc(=O)c1,Potency,14125.4,1
1430,Nc1ccccc1O,Potency,22387.2,1
1431,O=[N+]([O-])c1ccc(Cl)cc1Cl,Potency,4466.8,1
1432,O=C1OC(O)C(C(Cl)Cl)=C1Cl,Potency,28183.8,1
1433,C#CCOC(=O)[C@@H](C)Oc1ccc(Oc2ncc(Cl)cc2F)cc1,Potency,4.5,0
1434,Nc1ccc([N+](=O)[O-])cc1[N+](=O)[O-],Potency,44.7,0
1435,COC(=O)C1=C(C)NC(C)=C(C(=O)OC)C1c1ccccc1[N+](=O)[O-],Potency,31622.8,1
1436,O=[N+]([O-])c1cccc(Cl)c1,Potency,50118.7,1
1437,Cc1ccc(N)cc1O,Potency,31622.8,1
1438,Oc1c(Cl)cc(Cl)c(Cl)c1Cl,Potency,5623.4,1
1439,Cc1cccc([N+](=O)[O-])c1C(=O)O,Potency,31622.8,1
1440,Clc1ccc(Cl)c(Cl)c1Cl,Potency,79.4,0
1441,CC(=O)Cc1ccc(O)cc1,IC50,416869.38,1
1442,CC1(C)[C@H](NC(=O)c2cnccn2)C(C)(C)[C@H]1Oc1ccc(C#N)c(Cl)c1,IC50,82,0
1443,CC(=O)CCc1ccc(O)cc1,IC50,251188.64,1
1444,Oc1ccc(Cl)c(Cl)c1Cl,Potency,17.8,0
1445,C=Cc1ccccc1Br,Potency,50118.7,1
1446,Nc1cccc(Cl)c1Cl,Potency,28183.8,1
1447,COc1cc(CCC(C)=O)ccc1O,IC50,151356.12,1
1448,Cc1ccc(O)cc1C,Potency,50118.7,1
1449,Cc1cc(C)nc(NS(=O)(=O)c2ccc(N)cc2)n1,Potency,2,0
1450,COc1cc(SCCC(C)C)ccc1C#N,IC50,1730,1
1451,Oc1ccc(Cl)c(Cl)c1,Potency,44668.4,1
1452,O=C(Nc1ccccc1)c1cc([N+](=O)[O-])ccc1Cl,Potency,50118.7,1
1453,CCCOC(=O)c1cc(O)c(O)c(O)c1,Potency,19952.6,1
1454,CN1CSC(=S)N(C)C1,Potency,15848.9,1
1455,O=[N+]([O-])c1ccc(F)c([N+](=O)[O-])c1,Potency,31622.8,1
1456,CCOP(=S)(OCC)O/N=C(\C#N)c1ccccc1,Potency,35481.3,1
1457,Clc1cccc(C(Cl)(Cl)Cl)n1,Potency,63095.7,1
1458,O=C(O)c1cc(/N=N/c2ccc([N+](=O)[O-])cc2)ccc1O,Potency,14125.4,1
1459,Cc1cc(/C=C/C(=O)O)c(C)n1-c1ccc2c(c1)OCO2,IC50,10000,1
1460,COc1cccc(C(=O)Nc2cc(C)c(Oc3ccc(O)cc3)c(C)c2)c1,IC50,1300,1
1461,CS(=O)(=O)c1ccc(Cl)cc1,Potency,50118.7,1
1462,CCCCOCN(C(=O)CCl)c1c(CC)cccc1CC,Potency,28183.8,1
1463,C=C1C=C(C)C[C@@H](C)[C@@H]1Cc1cc(OC)c(Br)cc1OC(C)=O,Ki,1497,1
1464,N[C@@H](Cc1ccc(N(CCCl)CCCl)cc1)C(=O)O,Potency,28183.8,1
1465,Cc1ccc(N)cc1C,Potency,19952.6,1
1466,CCCCCCCCn1sccc1=O,Potency,39810.7,1
1467,Nc1ncn([C@@H]2O[C@H](CO)[C@@H](O)[C@H]2O)c(=O)n1,Potency,2511.9,1
1468,O=C(O)C1(C(=O)Nc2ccc(Cl)cc2Cl)CC1,Potency,31622.8,1
1469,CC(=O)c1cccc([N+](=O)[O-])c1,Potency,22.4,0
1470,CCOC(=O)c1ccc(CN2CC(C)(C)C(Oc3ccc(C#N)c(C(F)(F)F)c3)C2=O)o1,IC50,97,0
1471,C=C1C(C)=CCC(C)(C)[C@@H]1Cc1cc(OC)c(Br)cc1OC(C)=O,Ki,6387,1
1472,Nc1ccc(Cl)cc1N,Potency,7943.3,1
1473,CC(=O)Nc1ccc(C(=O)CCl)cc1,Potency,39810.7,1
1474,Cc1ccccc1[N+](=O)[O-],Potency,50118.7,1
1475,O=C(O)CCc1cc(Br)c(OCc2cccc(Br)c2)c(Br)c1,IC50,7700,1
1476,Oc1ccc2c(c1)OCO2,Potency,5011.9,1
1477,CC12CCC(CC1)C(C)(C)O2,Potency,19952.6,1
1478,Cc1noc(NS(=O)(=O)c2ccc(N)cc2)c1C,Potency,44668.4,1
1479,Cc1cc2nc(N)sc2cc1C,Potency,1122,1
1480,Nc1ccc([N+](=O)[O-])cc1O,Potency,11220.2,1
1481,Cc1ccc([N+](=O)[O-])c([N+](=O)[O-])c1,Potency,15848.9,1
1482,NC(=O)N/N=C/c1ccc([N+](=O)[O-])o1,Potency,28183.8,1
1483,CC(C)C(=O)Nc1ccc([N+](=O)[O-])c(C(F)(F)F)c1,IC50,154,0
1484,Cc1ccc(C)c(O)c1,Potency,14.1,0
1485,Nc1ccc([N+](=O)[O-])cc1N,Potency,28183.8,1
1486,O=c1ccc2ccccc2o1,Potency,1000000,1
1487,Cc1cccc([N+](=O)[O-])c1[N+](=O)[O-],Potency,50118.7,1
1488,CCCCOC(=O)[C@@H](C)Oc1ccc(Oc2ccc(C(F)(F)F)cn2)cc1,Potency,25118.9,1
1489,CCc1cccc(C)c1N(C(=O)CCl)C(C)COC,Potency,19952.6,1
1490,Oc1cc(Cl)c(Cl)cc1Cl,Potency,31622.8,1
1491,CCOCN(C(=O)CCl)c1c(C)cccc1CC,Potency,35481.3,1
1492,CC(C)(c1cc(Br)c(O)c(Br)c1)c1cc(Br)c(O)c(Br)c1,Potency,22387.2,1
1493,C#CC(C)(C)NC(=O)c1cc(Cl)cc(Cl)c1,Potency,3162.3,1
1494,CNC(=O)Oc1cccc2c1OC(C)(C)O2,Potency,10000,1
1495,Cn1cnc([N+](=O)[O-])c1Sc1ncnc2nc[nH]c12,Potency,50118.7,1
1496,CN(C)c1ccc(N(C)C)cc1,Potency,79432.8,1
1497,COP(=S)(OC)Oc1cc(Cl)c(Cl)cc1Cl,Potency,14125.4,1
1498,Cc1ccc(O)c(N)c1,Potency,5011.9,1
1499,Oc1cc(Cl)c(Cl)c(Cl)c1,Potency,44668.4,1
1500,CCSC[C@@](O)([C@@H](Nc1cccc2nc(C)ccc12)c1ccc(OC)c(F)c1Cl)C(F)(F)F,IC50,1000,0
1501,O=C1OC(c2ccc(O)cc2)(c2ccc(O)cc2)c2ccccc21,Potency,35481.3,1
1502,O=C1c2c(O)ccc([N+](=O)[O-])c2C(=O)c2c([N+](=O)[O-])ccc(O)c21,Potency,3548.1,1
1503,COP(=S)(OC)SCn1nnc2ccccc2c1=O,Potency,70794.6,1
1504,NC(=O)c1ccccc1O,IC50,1000,0
1505,CC(C)COC(=O)COc1cc(Cl)c(Cl)cc1Cl,Potency,44668.4,1
1506,Br.Nc1nc(-c2ccccc2)cs1.O,Potency,39810.7,1
1507,CCOc1ccc2c(c1)C(C)=CC(C)(C)N2,Potency,56234.1,1
1508,COC(=O)Nc1nc2ccccc2[nH]1,Potency,7943.3,1
1509,CO/N=C(/C1=NOCCO1)c1ccccc1Oc1ncnc(Oc2ccccc2Cl)c1F,Potency,3548.1,1
1510,O=C(Nc1ccccc1)Nc1ccccc1,Potency,44668.4,1
1511,COC1=CC(=O)OC(CCc2ccccc2)C1,Potency,1.8,0
1512,CCSC(=O)N1CCCCCC1,Potency,1.3,0
1513,CCOP(=S)(OCC)SCn1c(=O)oc2cc(Cl)ccc21,Potency,44668.4,1
1514,Oc1cc(Cl)c(Cl)c(Cl)c1Cl,Potency,7943.3,1
1515,Nc1nc2ccccc2[nH]1,Potency,28183.8,1
1516,CCOc1ccccc1C(N)=O,Potency,50.1,0
1517,Oc1cc(Cl)cc(Cl)c1Cl,Potency,3981.1,1
1518,Cl[C@H]1[C@H](Cl)[C@@H](Cl)[C@H](Cl)[C@@H](Cl)[C@H]1Cl,Potency,35481.3,1
1519,Cc1cn(-c2ccc(CNS(=O)(=O)c3cc(F)ccc3F)cc2)c(C)n1,IC50,10000,1
1520,O=C1OC(=O)c2ccccc21,Potency,1.4,0
1521,O=[N+]([O-])c1ccc(O)cc1C(F)(F)F,Potency,25118.9,1
1522,CC(C)(O)C(=O)Nc1ccc([N+](=O)[O-])c(C(F)(F)F)c1O,IC50,15,0
1523,Oc1c(I)cc(Cl)c2cccnc12,Potency,39810.7,1
1524,O=S(=O)(c1ccc(O)cc1)c1ccc(O)cc1,Potency,31622.8,1
1525,COCC(=O)N(c1c(C)cccc1C)N1CCOC1=O,Potency,5.6,0
1526,CCOC1=CC(=O)C(Cc2ccc([N+](=O)[O-])cc2)C(C)(C)C1,Ki,10000,1
1527,Cc1cc(C#N)c(C(F)(F)F)cc1N1C(=O)C(C)(C)N(CCCS(N)(=O)=O)C1=S,IC50,5000,1
1528,CS(=O)(=O)Nc1cccc2cc[nH]c12,Ki,355,0
1529,CC(=O)c1ccccc1[N+](=O)[O-],Potency,707.9,0
1530,N#Cc1nn(-c2c(Cl)cc(C(F)(F)F)cc2Cl)c(N)c1[S+]([O-])C(F)(F)F,Potency,39810.7,1
1531,C=CCOC(=O)C(C)(C)OC(=O)c1cc(-n2c(=O)cc(C(F)(F)F)n(C)c2=O)ccc1Cl,Potency,316.2,0
1532,C=C1C=C(C)CC(C)(C)C1C/C=C/c1cc(OC)c(Br)cc1O,Ki,2318,1
1533,CCN(CC)C(=O)C(C)Oc1cccc2ccccc12,Potency,28183.8,1
1534,N#Cc1c(Cl)c(Cl)c(Cl)c(C#N)c1Cl,Potency,3162.3,1
1535,CC(C)(OOC(C)(C)c1ccccc1)c1ccccc1,Potency,1.3,0
1536,CCCC1=C(C(=O)OCC)[C@H](c2ccnc3ccccc23)C(C#N)=C(C)N1,IC50,730,0
1537,CC1=C(/C=C/C(C)=C/C=C/C(C)=C/C(=O)O)C(C)(C)CCC1,Potency,177.8,0
1538,Nc1cc(Cl)ccc1O,Potency,11220.2,1
1539,Nc1ncnc2c1ncn2[C@H]1CC[C@@H](CO)O1,Potency,15848.9,1
1540,O.O.O.O.[Na+].[O-]c1ccccc1-c1ccccc1,Potency,50118.7,1
1541,CC1=C(C(=O)Nc2ccccc2)S(=O)(=O)CCO1,Potency,22387.2,1
1542,O=C(NC(=O)c1c(F)cccc1F)Nc1cc(Cl)c(OC(F)(F)C(F)F)c(Cl)c1,Potency,35481.3,1
1543,Cn1c(C#N)ccc1-c1ccc(/C(=N\O)C(C)(C)C)cc1,IC50,165,0
1544,CCCCCCc1ccc(O)cc1O,Potency,7943.3,1
1545,O=Nc1ccc(Nc2ccccc2)cc1,Potency,44668.4,1
1546,Cc1cc(C(=O)N[C@H]2C(C)(C)[C@H](Oc3ccc(C#N)c(Cl)c3)C2(C)C)nn1C,IC50,54,0
1547,COC(C)(C)CCC[C@H](C)C/C=C/C(C)=C/C(=O)OC(C)C,Potency,39810.7,1
1548,CCN(CC)c1ccc(/C=C2\C(=O)ON=C2C)cc1,IC50,600,0
1549,Cc1cccc(Nc2ccccc2C(=O)O)c1C,Potency,39810.7,1
1550,ClC(Cl)=C(c1ccc(Cl)cc1)c1ccc(Cl)cc1,Potency,50118.7,1
1551,Cn1c(C#N)ccc1-c1ccc2c(c1)C(C)(c1ccsc1)OCC(=O)N2,IC50,325,0
1552,Cn1cc(N(Cc2ccccc2)c2ccc([N+](=O)[O-])c(C(F)(F)F)c2)cc1C(=O)N1CCCC1,Ki,49,0
1553,Cn1c(=O)c2c(ncn2C)n(C)c1=O,Potency,5,0
1554,O=[N+]([O-])c1ccc(Nc2ccccc2)cc1,Potency,39810.7,1
1555,O=C1CC(c2ccccc2O)Oc2c(Br)cc(Br)cc21,IC50,3570,1
1556,Oc1ccc(Nc2ccccc2)cc1,Potency,3981.1,1
1557,CC(C)Nc1ccc(Nc2ccccc2)cc1,Potency,44668.4,1
1558,C/C=C/c1ccc2c(c1)OCO2,Potency,1.8,0
1559,Nc1nc2c(Cl)cccc2s1,Potency,19952.6,1
1560,CCOc1cc(C(C)(C)C)ccc1C1COC(c2c(F)cccc2F)=N1,Potency,35481.3,1
1561,Oc1ccc(O)c2c(O)cccc12,Potency,50118.7,1
1562,O=C(CCl)c1ccc(Cl)cc1Cl,Potency,12589.3,1
1563,O=S(=O)(c1ccccc1)N(CC(F)(F)F)c1ccc(C(O)(C(F)(F)F)C(F)(F)F)cc1,Potency,44668.4,1
1564,Nc1ccc(Nc2ccccc2)cc1,Potency,39810.7,1
1565,O=C(Nc1ccccc1)c1cc(Cl)ccc1O,Potency,15848.9,1
1566,O=C(O)CCCc1c[nH]c2ccccc12,Potency,15848.9,1
1567,CN(C)C(=O)Nc1cccc(C(F)(F)F)c1,Potency,891.3,0
1568,CCCCCCC(C)OC(=O)COc1nc(F)c(Cl)c(N)c1Cl,Potency,19952.6,1
1569,O=c1[nH]c(=O)n([C@H]2C[C@H](O)[C@@H](CO)O2)cc1Br,Potency,50118.7,1
1570,Nc1nc2ccc([N+](=O)[O-])cc2s1,Potency,79432.8,1
1571,COP(=S)(OC)SCN1C(=O)c2ccccc2C1=O,Potency,44668.4,1
1572,O=C(O)CCCc1ccc(N(CCCl)CCCl)cc1,Potency,39810.7,1
1573,O=C(O)c1cc(O)c2ccccc2c1O,Potency,39810.7,1
1574,CC(COc1ccc(C(C)(C)C)cc1)OS(=O)OCCCl,Potency,794.3,0
1575,Cl.Nc1ccc(/N=N/c2ccccc2)c(N)n1,Potency,44668.4,1
1576,COc1nc(C)nc(NC(=O)NS(=O)(=O)c2ccccc2OCCCl)n1,Potency,158.5,0
1577,CN(C)CCOC(c1ccccc1)c1ccccc1.Cn1c(=O)c2[nH]c(Cl)nc2n(C)c1=O,Potency,44668.4,1
1578,Cc1cc(C)cc(N(CC2CCCCC2)c2cc(C(=O)N3CCCC3)n(C)c2)c1,Ki,490,0
1579,CCCN(CCC)c1c([N+](=O)[O-])cc(C(F)(F)F)cc1[N+](=O)[O-],Potency,35481.3,1
1580,CC1=CC(C)(C)Nc2ccc(-c3csc(C#N)c3)cc21,IC50,494,0
1581,O=C1C(Cl)=C(Cl)C(=O)c2ccccc21,Potency,22387.2,1
1582,CC(C)OC(=O)C(O)(c1ccc(Br)cc1)c1ccc(Br)cc1,Potency,39810.7,1
1583,CC(C)CCCCCCc1ccc(OCCOCCO)cc1,Potency,50118.7,1
1584,COc1cc(SC(C)C)ccc1C#N,IC50,10,0
1585,CC(C)(C)C(=O)C1C(=O)c2ccccc2C1=O,Potency,44668.4,1
1586,Cc1scc(-c2csc(N3CCOCC3)n2)c1C,IC50,250,0
1587,c1ccc2ccccc2c1,Potency,63095.7,1
1588,Cl.N=C1C=CC(=C(c2ccc(N)cc2)c2ccc(N)cc2)C=C1,Potency,28183.8,1
1589,C#CCOS(=O)OC1CCCCC1Oc1ccc(C(C)(C)C)cc1,Potency,2818.4,1
1590,O=C1COc2ccc(C3=Nn4cnnc4SC3)cc2N1,IC50,10000,1
1591,Oc1cccc2cccnc12,Potency,14125.4,1
1592,C[C@H]1C[C@H](C)C(=O)[C@H]([C@H](O)CC2CC(=O)NC(=O)C2)C1,Potency,112.2,0
1593,COC(=O)N(OC)c1ccccc1COc1ccn(-c2ccc(Cl)cc2)n1,Potency,1778.3,1
1594,Cc1coc2c1CCC(C)C2,Potency,31622.8,1
1595,Cc1cc2nc3c(=O)[nH]c(=O)nc-3n(C[C@H](O)[C@H](O)[C@H](O)CO)c2cc1C,Potency,1412.5,1
1596,Cc1nc(O[C@H]2C(C)(C)[C@H](NC(=O)c3cnc4ncccn34)C2(C)C)ccc1C#N,IC50,144,0
1597,COC(=O)c1ccc(Cc2c(C)n[nH]c2C)cc1,IC50,1500,1
1598,c1ccc(-c2ccc(-c3ccccc3)cc2)cc1,Potency,4,0
1599,C=CC1(C)OC(=O)N(c2cc(Cl)cc(Cl)c2)C1=O,Potency,44668.4,1
1600,CCC(C)(C)c1ccc(O)c(C(C)(C)CC)c1,Potency,1.3,0
1601,O=[N+]([O-])c1cccc(C(F)(F)F)c1,Potency,15848.9,1
1602,Cc1ccccc1Oc1ccc(C#N)c(Cl)c1,IC50,30,0
1603,CC1=CC(C)(C)Nc2ccc(-c3ccc([N+](=O)[O-])s3)cc21,IC50,1460,1
1604,O=C(N[C@H](CO)[C@H](O)c1ccc([N+](=O)[O-])cc1)C(Cl)Cl,Potency,15848.9,1
1605,O=C1c2ccccc2C(=O)C1(O)O,Potency,35481.3,1
1606,Oc1ccccc1-c1ccccc1,Potency,31622.8,1
1607,O=[N+]([O-])c1ccc(Oc2ccc(Cl)cc2Cl)cc1,Potency,19952.6,1
1608,c1ccc(-c2csc(-c3ccncc3)n2)cc1,IC50,630,0
1609,CCc1cccc(CC)c1N(COC)C(=O)CCl,Potency,39810.7,1
1610,S=C(NC1CCCCC1)NC1CCCCC1,Potency,44668.4,1
1611,Brc1ccc(-c2ccccc2)cc1,Potency,31622.8,1
1612,Cc1ccc(C)c(-c2csc(N3CCOCC3)n2)c1,IC50,520,0
1613,NC(=O)c1ccccc1[N+](=O)[O-],Potency,22387.2,1
1614,CC(C)(C)c1cc(O)ccc1O,Potency,31622.8,1
1615,O=C(Nc1ccc([N+](=O)[O-])cc1Cl)c1cc(Cl)ccc1O,Potency,1122,1
1616,CCC(=O)O[C@H]1CC[C@H]2[C@@H]3CCC4=CC(=O)CC[C@]4(C)[C@H]3CC[C@]12C,Ki,0.25,0
1617,COc1cc(C#N)ccc1Oc1cccc(C)c1,IC50,353,0
1618,CC(=O)c1c(C)c([N+](=O)[O-])c(C(C)(C)C)c([N+](=O)[O-])c1C,Potency,4.5,0
1619,COc1c2occc2cc2ccc(=O)oc12,Potency,5011.9,1
1620,COc1cc(C#N)ccc1Oc1ccccc1C,IC50,48,0
1621,Oc1c(Cl)cc(Cl)c(Cl)c1Cc1c(O)c(Cl)cc(Cl)c1Cl,Potency,5011.9,1
1622,Cc1cc(=O)oc2cc(OCC(=O)C(C)(C)C)ccc12,IC50,3760,1
1623,c1ccc(-c2csc(N3CCOCC3)n2)cc1,IC50,280,0
1624,CC(C)(C)c1ccc(CSc2cnn(C(C)(C)C)c(=O)c2Cl)cc1,Potency,281.8,0
1625,Nc1ccccc1-c1ccccc1,Potency,12589.3,1
1626,Cc1c(NS(C)(=O)=O)cccc1N(Cc1ccccc1)Cc1ccccc1,IC50,170,0
1627,O=C1c2ccccc2C(=O)N1SC(Cl)(Cl)Cl,Potency,15848.9,1
1628,Clc1ccc(-c2csc(N3CCOCC3)n2)cc1Cl,IC50,2960,1
1629,COc1cccc2c1-c1ccc(NS(C)(=O)=O)cc1C(c1cccs1)O2,IC50,10000,1
1630,Cc1ccc(-c2c(Cl)nc(C#N)n2S(=O)(=O)N(C)C)cc1,Potency,44668.4,1
1631,O.O=c1c(O)c(-c2ccc(O)cc2O)oc2cc(O)cc(O)c12,Potency,1258.9,1
1632,C=C1C=C(C)CC(C)(C)C1Cc1ccc([N+](=O)[O-])cc1,IC50,250,0
1633,C=C1C=C(C)CC(C)(C)C1Sc1ccc([N+](=O)[O-])cc1,Ki,10000,1
1634,CC1=CC(C)(C)Nc2ccc(-c3ccc(C#N)s3)cc21,IC50,1110,1
1635,Cc1cc(N2C(=O)[C@H]3C4C=CC([C@@H](O)[C@H]4O)[C@H]3C2=O)ccc1Br,Ki,33,0
1636,CCOC(=O)c1c(-c2ccc([N+](=O)[O-])cc2)c(C)n(C)c1C,IC50,47,0
1637,Clc1ccc(-c2csc(N3CCOCC3)n2)c(Cl)c1,IC50,1320,1
1638,CC1(C)CON(Cc2ccccc2Cl)C1=O,Potency,112201.8,1
1639,COc1cc(C#N)ccc1Oc1ccc(C)cc1,IC50,5210,1
1640,CC1=C2[C@H](/C=C(\C)C(=O)O)CC[C@@H](C)[C@H]2[C@H](O)C1,Potency,2.2,0
1641,CC(C)(O)c1cn(-c2cc(C(F)(F)F)cc(C(F)(F)F)c2)nn1,IC50,40000,1
1642,Brc1cccc(-c2ccccc2)c1,Potency,31622.8,1
1643,Cc1nnc(C(=O)N[C@H]2C(C)(C)[C@H](Oc3ccc(C#N)c(Cl)c3)C2(C)C)o1,IC50,30,0
1644,CC1(C)C(=O)N(c2ccc(C#N)c(C(F)(F)F)c2)C(=S)N1CCCc1nnn[nH]1,IC50,1000,0
1645,O=Cc1cccc(Oc2ccccc2)c1,Potency,1.3,0
1646,Cn1c(C#N)ccc1-c1ccc2c(c1)C(C)(c1ccco1)OCC(=O)N2,IC50,215,0
1647,CC(CCC(=O)O)(c1ccc(O)cc1)c1ccc(O)cc1,Potency,5.6,0
1648,CC[C@@H]1C[C@](O)(C(F)(F)F)[C@@H](Nc2cc(F)cc3nc(C)ncc23)c2ccc(F)c(O)c21,IC50,1000,0
1649,CNc1nc(=O)n(C2CCC(O)CC2)c(=O)n1C,Potency,28183.8,1
1650,Cc1cc(C)c(S(=O)(=O)N[C@@H](C)CNc2cccc3c2cnn3-c2ccc(F)cc2)c(C)c1,IC50,1000,0
1651,CC1(C)[C@@H](/C=C(\Cl)C(F)(F)F)[C@H]1C(=O)O[C@H](C#N)c1cccc(Oc2ccccc2)c1,Potency,31622.8,1
1652,Nc1c(C(=O)NCC(O)(CC2(c3cc(F)ccc3Cl)CCC2)C(F)(F)F)cnn1-c1ccccc1,IC50,1000,0
1653,CCC1(c2ccccc2)C(=O)NCNC1=O,Potency,17782.8,1
1654,CC1(C)C(=O)CC[C@]2(C)[C@@]3(C)c4[nH]c5ccccc5c4C[C@@H]3CC[C@@]12O,IC50,10000,1
1655,COc1ccc(C(c2ccc(OC)cc2)C(Cl)(Cl)Cl)cc1,Potency,39810.7,1
1656,CC(C)c1cccc(C(C)C)c1,Potency,1.4,0
1657,O=S(=O)(c1ccc(Cl)cc1)c1ccc(Cl)cc1,Potency,12589.3,1
1658,CC1=CC(C)(C)Nc2ccc(-c3sc(C#N)cc3C)cc21,IC50,200,0
1659,Cc1cc(/N=N/c2ccccc2C)ccc1N,Potency,22387.2,1
1660,CC1CC(OC(=O)c2ccccc2O)CC(C)(C)C1,Potency,89125.1,1
1661,CC1(COc2ccc(CC3SC(=O)NC3=O)cc2)CCCCC1,Potency,39810.7,1
1662,Cc1c(N[C@@H]2COC[C@@]2(C)O)ccc(C#N)c1Cl,Ki,5.21,0
1663,CCOP(=O)(NC(C)C)Oc1ccc(SC)c(C)c1,Potency,50118.7,1
1664,Cc1cc(O)c(C(C)(C)C)cc1Sc1cc(C(C)(C)C)c(O)cc1C,Potency,35481.3,1
1665,CCCCCCCCCCCCCCCC[n+]1ccccc1.[Br-],Potency,14125.4,1
1666,Fc1ccc(-c2csc(-c3ccncc3)n2)cc1,IC50,1270,1
1667,Nc1ccc2ccccc2c1,Potency,6309.6,1
1668,CC(=O)N[C@H]1C(C)(C)[C@H](Oc2ccc(C#N)c(C)n2)C1(C)C,IC50,519,0
1669,CC(C)(C)c1cc(C(C)(C)C)c(O)c(C(C)(C)C)c1,Potency,6309.6,1
1670,Oc1cccc(Nc2ccccc2)c1,Potency,19952.6,1
1671,O=[N+]([O-])c1cc([N+](=O)[O-])c2ccccc2c1,Potency,44668.4,1
1672,COc1cc(Oc2ccc(C)cc2)ccc1C#N,IC50,200,0
1673,Cn1c(C#N)cc(Br)c1-c1ccc(O)cc1,IC50,166.9,0
1674,COc1ccc2c(c1)C(=O)CC(c1ccccc1OC)O2,IC50,10000,1
1675,COc1cc(-c2ccc(N)c(OC)c2)ccc1N,Potency,12589.3,1
1676,CC1=CC(C)(C)Nc2ccc3c(c21)/C(=C/Br)Oc1ccc(F)cc1-3,IC50,250,0
1677,O=P(Oc1ccccc1)(Oc1ccccc1)Oc1ccccc1,Potency,44668.4,1
1678,CCOc1ccccc1-c1ccc2c(cnn2-c2ccc(F)cc2)c1,IC50,10000,1
1679,O=c1c(O)c(-c2ccc(O)cc2)oc2cc(O)cc(O)c12,IC50,9700,1
1680,Fc1ccc(-c2csc(N3CCOCC3)n2)cc1,IC50,410,0
1681,CCC(C)(C)C(=O)OC1=C(c2cc(Cl)cc(Cl)c2)C(=O)OC12CCCCC2,Potency,50118.7,1
1682,C=C1C[C@]23C[C@@]1(O)CC[C@H]2[C@@]12C=C[C@H](O)[C@@](C)(C(=O)O1)[C@H]2[C@@H]3C(=O)O,Potency,50118.7,1
1683,O=C1CC(c2ccccc2O)Oc2cc(O)cc(O)c21,IC50,10000,1
1684,CC(C)(C)OC(=O)N1C[C@@H]2C[C@H]1[C@]1(C)C(=O)N(c3ccc(C#N)c(C(F)(F)F)c3)C(=O)N21,IC50,780,0
1685,Cn1cc(Nc2ccc([N+](=O)[O-])cc2)cc1C(=O)N1CCCC1,Ki,4900,1
1686,COc1ccc(C=C2c3ccccc3C(=O)c3ccccc32)c(O)c1,IC50,100,0
1687,COc1c2ccoc2cc2oc(=O)ccc12,Potency,17782.8,1
1688,CCS(=O)(=O)Nc1cc(F)c(-c2ccc(C#N)n2C)c(F)c1,IC50,100,0
1689,CC1(C)Nc2ccc(-c3csc(C#N)c3)cc2C(C)(C)C1=O,IC50,1100,1
1690,CCOC(=O)c1ccc2c(c1)[C@H]1C=CC[C@@H]1[C@@H](c1ccccc1)N2,IC50,900,0
1691,ClC1=C(Cl)C2(Cl)C3C4C=CC(C4)C3C1(Cl)C2(Cl)Cl,Potency,50118.7,1
1692,COc1cc(Oc2cccc(C)c2)ccc1C#N,IC50,57,0
1693,CS(=O)(=O)c1ccc(C(=O)C2C(=O)CCCC2=O)c([N+](=O)[O-])c1,Potency,35481.3,1
1694,c1cnc2c(c1)ccc1cccnc12,Potency,2818.4,1
1695,CCCCCCCCCCCC[N+](C)(C)CCOc1ccccc1.[Br-],Potency,35481.3,1
1696,C[C@@]1(C(=O)Nc2nccs2)CC2(C#N)c3ccccc3C1c1ccccc12,Ki,10000,1
1697,c1ccc(OP(Oc2ccccc2)Oc2ccccc2)cc1,Potency,28183.8,1
1698,O=c1[nH]cnc2c1ncn2[C@H]1CC[C@@H](CO)O1,Potency,31622.8,1
1699,c1ccc(/N=N/Nc2ccccc2)cc1,Potency,25118.9,1
1700,CC(C)(C)CC(C)(C)c1ccc(OCCOCC[N+](C)(C)Cc2ccccc2)cc1.[Cl-],Potency,50118.7,1
1701,Cc1ccc(-c2cc(C(F)(F)F)nn2-c2ccc(S(N)(=O)=O)cc2)cc1,Potency,44668.4,1
1702,O=c1cc(-c2ccccc2)oc2cc(O)cc(O)c12,Potency,15848.9,1
1703,Nc1cccc2c(N)cccc12,Potency,100,0
1704,CC1COC(Cn2cncn2)(c2ccc(Oc3ccc(Cl)cc3)cc2Cl)O1,Potency,35481.3,1
1705,Cn1c(C#N)ccc1-c1ccc(C(=O)C(C)(C)C)cc1,IC50,100,0
1706,CCCN(CC)CC1COC2(CCC(C(C)(C)C)CC2)O1,Potency,12.6,0
1707,Nc1nc(N)c2nc(-c3ccccc3)c(N)nc2n1,Potency,44668.4,1
1708,COC1=CC(=O)C[C@@H](C)[C@]12Oc1c(Cl)c(OC)cc(OC)c1C2=O,Potency,31622.8,1
1709,Cl.Cl.NCCNc1cccc2ccccc12,Potency,39810.7,1
1710,O=c1cc(-c2ccc([N+](=O)[O-])cc2)oc2cccc(O)c12,IC50,360,0
1711,CC1=CC(=O)CC(C)(C)C1(O)/C=C/C(C)=C\C(=O)O,Potency,631,0
1712,COC(=O)CSc1cc(/N=c2\sc(=O)n3n2CCCC3)c(F)cc1Cl,Potency,50118.7,1
1713,CCOC(=O)C(CC)Oc1ccc2c(C)cc(=O)oc2c1,IC50,5000,1
1714,CC1(C)NC(=O)N(c2ccc([N+](=O)[O-])c(C(F)(F)F)c2)C1=O,IC50,9,0
1715,CCOCn1c(-c2ccc(Cl)cc2)c(C#N)c(Br)c1C(F)(F)F,Potency,891.3,0
1716,CC1=CC(C)(C)Nc2ccc(-c3cc(F)cc(C#N)c3)cc21,Potency,210,0
1717,CC(C)N(C(=O)COc1nnc(C(F)(F)F)s1)c1ccc(F)cc1,Potency,281.8,0
1718,COc1ccccc1/C=C/C(=O)c1ccccc1O,IC50,3500,1
1719,COc1ccc(F)cc1-c1c[nH]c2c(NC(C)=O)cccc12,Ki,6120,1
1720,COc1ccc(C(c2ccccc2)c2c[nH]c3ccccc23)cc1,Ki,68.9,0
1721,CCCc1c(OCCCCc2nnn[nH]2)ccc(C(C)=O)c1O,Potency,19952.6,1
1722,OC1(C(F)(F)F)c2[nH]c3c(Cl)cc(Cl)cc3c2CCC1(F)F,IC50,100,0
1723,CCOc1cc(Oc2ccc(C(F)(F)F)cc2Cl)ccc1[N+](=O)[O-],Potency,707.9,0
1724,COC(=O)c1cc(O)ccc1-c1ccc(C#N)n1C,IC50,330.2,0
1725,COc1ccc2oc(-c3ccccc3OC)cc(=O)c2c1,IC50,6190,1
1726,Nc1ccc(-c2ccccc2)cc1,Potency,1122,1
1727,Cc1ccccc1C(=O)Nc1cccc(OC(C)C)c1,Potency,44668.4,1
1728,COc1cc(Oc2ccccc2C)ccc1C#N,IC50,24,0
1729,c1cc(-c2csc(N3CCOCC3)n2)cs1,IC50,220,0
1730,O=C(c1ccccc1)C(O)c1ccccc1,Potency,79.4,0
1731,c1ccc2nc(-c3ccncc3)ccc2c1,IC50,2260,1
1732,CC1=CC(C)(C)Nc2ccc(-c3cccc(C#N)c3)cc21,Potency,227,0
1733,COc1ccc(F)cc1-c1c(-c2ccccc2)[nH]c2c(NS(C)(=O)=O)cccc12,Ki,905,0
1734,O=C1CC(c2ccccc2O)Oc2ccccc21,IC50,1000,0
1735,C[C@@]1(C(=O)Nc2ccc(C#N)c(C(F)(F)F)c2)CC(C(F)(F)F)=NN1,Ki,630,0
1736,Cc1cc(O)c2c(c1)C(=O)c1cc(O)cc(O)c1C2=O,Potency,22387.2,1
1737,Cn1c(C#N)ccc1-c1ccc(O)cc1[N+](=O)[O-],IC50,65,0
1738,O=c1cc(-c2ccccc2)oc2ccccc12,IC50,5900,1
1739,Nc1nc(Cl)nc2c1ncn2[C@H]1C[C@H](O)[C@@H](CO)O1,Potency,28183.8,1
1740,O=c1c(O)c(-c2ccccc2)oc2ccccc12,IC50,23500,1
1741,Nc1cccc(C(F)(F)F)c1,Potency,125.9,0
1742,CCOC(=O)c1c(C)[nH]c(C)c1-c1ccc([N+](=O)[O-])cc1,IC50,22,0
1743,Cn1c(C#N)ccc1-c1c(Cl)cc(O)cc1Cl,IC50,28.7,0
1744,COc1cc(NS(C)(=O)=O)c2[nH]c(C)c(-c3ccccc3)c2c1,Ki,4060,1
1745,CNc1nc(-c2ccc3ccccc3c2)cs1,IC50,3170,1
1746,Clc1ccc(C(c2ccccc2Cl)C(Cl)Cl)cc1,Potency,35481.3,1
1747,Cc1ncn(-c2csc(N3CCOCC3)n2)c1C,IC50,2420,1
1748,C=C1C=C(C)CC(C)(C)C1Cc1ccc([N+](=O)[O-])c(C)c1,Ki,2698,1
1749,COC(=O)C1=C(C)NC(C)=C(C#N)C1c1ccc(F)cc1Cl,IC50,300,0
1750,Nc1ccn([C@H]2CS[C@@H](CO)O2)c(=O)n1,Potency,10000,1
1751,CCc1nn(C)c(C(=O)NCc2ccc(C(C)(C)C)cc2)c1Cl,Potency,11220.2,1
1752,Cc1c(/N=C2\NC[C@@H]3[C@H](O)CCN23)ccc(C#N)c1Cl,Ki,10,0
1753,OC1(C(F)(F)F)CCCc2c1[nH]c1c(Cl)ccc(Cl)c21,IC50,85,0
1754,N#Cc1ccccc1-c1ccc2c(cnn2-c2ccc(F)cc2)c1,IC50,10000,1
1755,CCOC(=O)C(C)OC(=O)c1cc(Oc2ccc(C(F)(F)F)cc2Cl)ccc1[N+](=O)[O-],Potency,31622.8,1
1756,Cn1c(C#N)ccc1-c1ccc(O)cc1,IC50,6.3,0
1757,Clc1ccc(C(c2ccc(Cl)cc2)C(Cl)Cl)cc1,Potency,44668.4,1
1758,CCCNc1cc2[nH]c(=O)cc(C(F)(F)F)c2cc1C,Ki,641,0
1759,c1cc(-c2csc(N3CCOCC3)n2)ccn1,IC50,2940,1
1760,Oc1ccc(C(c2ccc(O)cc2)C(Cl)(Cl)Cl)cc1,Potency,44668.4,1
1761,COc1cc(Sc2c(C)cccc2C)ccc1C#N,IC50,30,0
1762,COc1ccccc1C(=O)/C=C/c1ccccc1[N+](=O)[O-],IC50,600,0
1763,C[C@@]1(C(=O)Nc2nccs2)CC2c3ccccc3C1c1ccccc12,Ki,7400,1
1764,C[C@](O)(CBr)C(=O)Nc1ccc(N)c(C(F)(F)F)c1,Ki,80.9,0
1765,COc1cc(Sc2c(C)cc(C)cc2C)ccc1C#N,IC50,39,0
1766,CCN(CC)c1ccc2c(C)cc(=O)oc2c1,Potency,14125.4,1
1767,CCOP(=O)(NC(C)C)Oc1ccc([S+](C)[O-])c(C)c1,Potency,2,0
1768,c1ccc(OCCSc2nc3ccccc3o2)cc1,IC50,200000,1
1769,COc1c(F)cc(O)cc1-c1csc(N2CCOCC2)n1,IC50,3020,1
1770,O=c1cc(-c2ccc(C(F)(F)F)cc2)oc2cccc(O)c12,IC50,1230.27,1
1771,Cn1c(C#N)ccc1-c1ccc(O)cc1C#N,IC50,6.8,0
1772,CC(C)(C(=O)Nc1nccs1)[C@@H](c1ccccc1)c1ccc(O)c(C#N)c1,Ki,3000,1
1773,Nc1ccccc1C(=O)OCCc1ccccc1,Potency,44668.4,1
1774,CCC1Nc2cc3oc(=O)cc(C(F)(F)F)c3cc2CC1C,IC50,7,0
1775,CCCN(CCOc1c(Cl)cc(Cl)cc1Cl)C(=O)n1ccnc1,Potency,25118.9,1
1776,O=c1[nH]nc(Cc2ccccc2)c2ccccc12,IC50,5370,1
1777,CC1(C)C(=O)N(c2ccc(C#N)c(C(F)(F)F)c2)C(=O)N1CCCCO,IC50,16,0
1778,O=c1cc(-c2ccc(O)cc2)oc2cc(O)cc(O)c12,IC50,5200,1
1779,CC12CCC(C)(O1)[C@@H]1C(=O)N(c3ccc(C#N)n4nccc34)C(=O)[C@@H]12,Ki,18,0
1780,CCc1cn(CCO)c(CC)c1Oc1ccc(C#N)cc1,IC50,5000,1
1781,O=C1[C@H]2C3C=CC(C3)[C@H]2C(=O)N1c1cc(C(F)(F)F)cc(C(F)(F)F)c1,Ki,24,0
1782,CC(C)(C)Sc1ccc(C#N)c(C(F)(F)F)c1,IC50,315,0
1783,Oc1cccc2c1[nH]c1ccc(Br)cc12,IC50,1420,1
1784,c1ccc2c(c1)[nH]c1ccccc12,Potency,50118.7,1
1785,Oc1cc(C(F)(F)F)c2cc3c(cc2n1)NC1(CCCCC1)CC3,Ki,9,0
1786,C[C@@H]1CN(c2ccc3c(n2)NC(=O)CO3)[C@H](c2ccccc2)CO1,IC50,10000,1
1787,CCCCN(C)c1cc(C(F)(F)F)c(C#N)cn1,IC50,3.8,0
1788,CN1CC[C@@H](N(Cc2ccccc2C(F)(F)F)c2ccc(C#N)c(Cl)c2)C1,IC50,250,0
1789,N#Cc1ccc(-c2ccc(O)cc2F)n1CC(=O)O,IC50,10000,1
1790,NS(=O)(=O)c1ccc2c(c1)[C@@H]1C=CC[C@@H]1[C@@H](c1ccc(Br)cc1)N2,IC50,500,0
1791,CC/C(=C(/CC)c1ccc(O)cc1)c1ccc(O)cc1,Potency,50118.7,1
1792,N#Cc1ccc(-c2ccc(N3CCOCC3)s2)cc1,IC50,890,0
1793,Cc1cc(-c2ccc3c(c2)NC(=O)CO3)n(-c2ccc(F)cc2)n1,IC50,10000,1
1794,C[C@H]1Cc2c([nH]c3cc(Cl)c(F)cc23)[C@@]2(N1)C(=O)Nc1ccc(Cl)cc12,IC50,30000,1
1795,c1ccc(-c2csc(N3CCOCC3)n2)nc1,IC50,2580,1
1796,Cc1nn(-c2ccc(C#N)c(Cl)c2)c(C)c1Oc1ccc(F)cc1,IC50,110,0
1797,c1ccc2c(c1)c1cccc3ccc4cccc2c4c31,Potency,50118.7,1
1798,CCCCOC(=O)c1ccccc1C(=O)OCc1ccccc1,Potency,25118.9,1
1799,COc1cc(CNC(=O)CCCC/C=C/C(C)C)ccc1O,Potency,10000,1
1800,c1ccc2c(c1)Nc1ccccc1S2,Potency,50118.7,1
1801,COC(=O)c1c(-c2ccccc2)c(C)n(Cc2ccccc2)c1C,IC50,130,0
1802,O=c1cc(C(F)(F)F)c2c3c(ccc2[nH]1)NCCO3,IC50,1500,1
1803,C/C=C/C1=CC2=C(CO1)C(=O)[C@]1(C)OC(=O)[C@H](C(O)CCCCC)C1C2,IC50,12000,1
1804,Cc1cccc(C)c1Oc1ccc(C#N)c(C(F)(F)F)c1,IC50,10,0
1805,CC1(C)[C@H](O)CC[C@]2(C)[C@@]3(C)c4[nH]c5ccccc5c4C[C@@H]3CC[C@@]12O,IC50,10000,1
1806,CCc1cc2c(C(F)(F)F)cc(=O)[nH]c2cc1NC,IC50,504,0
1807,CC12CC1(C)C(=O)N(c1cc(Cl)cc(Cl)c1)C2=O,Potency,39810.7,1
1808,CC1(C)C(=O)N(c2ccc(C#N)cc2)C(=S)N1CCCS(N)(=O)=O,IC50,5000,1
1809,CC1(C)CN(CCC#N)C(=O)[C@@H]1Oc1ccc(C#N)c(Cl)c1,IC50,68,0
1810,Cl.Cl.Nc1ccc(-c2ccc(N)c(Cl)c2)cc1Cl,Potency,3548.1,1
1811,Cc1cc(C#N)sc1-c1ccc2c(c1)C(C)(C)C(=O)C(C)(C)N2,IC50,150,0
1812,N#Cc1c[nH]cc1-c1cccc2c1OC(F)(F)O2,Potency,17782.8,1
1813,NC(=O)Nc1nc2ccccc2[nH]1,Potency,39810.7,1
1814,c1ccc(Nc2cccc3ccccc23)cc1,Potency,19952.6,1
1815,Oc1c(Cl)cc(Cl)cc1Sc1cc(Cl)cc(Cl)c1O,Potency,6309.6,1
1816,NC(=O)N1c2ccccc2C=Cc2ccccc21,Potency,7943.3,1
1817,N#Cc1ccc(N2CCC(O)C2)cc1Cl,IC50,82,0
1818,N=C(N)c1ccc(OCCCCCOc2ccc(C(=N)N)cc2)cc1.O=S(=O)(O)CCO,Potency,39810.7,1
1819,c1cc2ccc3ccc4ccc5cccc6c(c1)c2c3c4c56,Potency,14125.4,1
1820,CO/N=C(/C(=O)OC)c1ccccc1CO/N=C(\C)c1cccc(C(F)(F)F)c1,Potency,14125.4,1
1821,C[C@@H]1Cc2c(Cl)cc(C(=O)N[C@@H](Cc3ccccc3)C(=O)O)c(O)c2C(=O)O1,Potency,12589.3,1
1822,O=[N+]([O-])c1ccc2c3c(cccc13)CC2,Potency,44668.4,1
1823,Cn1c(C#N)ccc1-c1c(F)cc(O)cc1C#N,IC50,67.4,0
1824,Cc1ccc2c(c1[N+](=O)[O-])C(=O)c1ccccc1C2=O,Potency,1000,0
1825,c1ccc(-c2csc(N3CCCCC3)n2)cc1,IC50,690,0
1826,CC1(C)[C@H](NC(=O)c2cnc3ncccn23)C(C)(C)[C@H]1Oc1ccc(C#N)c(Cl)c1,IC50,16,0
1827,Oc1ccc(/C=C/c2cc(O)cc(O)c2)cc1,Potency,12589.3,1
1828,O=C(c1ccccc1)c1ccc(O)c(O)c1O,Potency,25118.9,1
1829,CCCN(CCC)c1cc(C(F)(F)F)c(C#N)cn1,IC50,78,0
1830,c1ccc(-c2csc(N3CCSCC3)n2)cc1,IC50,620,0
1831,CC[Si](CC)(c1ccc(O)c(C)c1)c1ccc(OC[C@H](O)C(C)(C)C)c(C)c1,IC50,10000,1
1832,CC(C)c1ccc2c(c1O)CC[C@H]1C3=C(CC[C@]21C)C(=O)OC3,IC50,260,0
1833,O=C1[C@@H]2C3CCC(O3)[C@@H]2C(=O)N1c1ccc(Cl)c([N+](=O)[O-])c1,Ki,692,0
1834,O=C1[C@H]2C3C=CC(C3)[C@H]2C(=O)N1c1cc(Cl)cc(Cl)c1,Ki,6,0
1835,CC1(C)C=Cc2cc3c(C(F)(F)F)cc(O)nc3cc2N1,IC50,27,0
1836,CC1=CC(C)(C)Nc2cc3nc(O)cc(C)c3cc21,IC50,36,0
1837,Cc1c(C#N)c(-c2ccc(C#N)cc2)c(C)n1Cc1ccc(Cl)nc1,IC50,9,0
1838,Oc1cccc2c1[nH]c1ccc(Cl)c(Cl)c12,IC50,15,0
1839,CCC(C)N(C)c1cc(C(F)(F)F)c(C#N)cn1,IC50,7,0
1840,Cc1c(N2C(=O)[C@@H]3C[C@H](O)CN3S2(=O)=O)ccc(C#N)c1Cl,Ki,44,0
1841,Cc1c(N2C(C)[C@@H]3[C@@H](O)CCN3S2(=O)=O)ccc(C#N)c1Cl,Ki,20,0
1842,CCCCC(CC)COC(=O)C(C#N)=C(c1ccccc1)c1ccccc1,Potency,44668.4,1
1843,CSC1=N[C@@](C)(c2ccccc2)C(=O)N1Nc1ccccc1,Potency,12589.3,1
1844,Fc1ccc(-c2csc(N3CCSCC3)n2)cc1,IC50,1590,1
1845,Cc1ccccc1Oc1ccc(C#N)cc1Cl,IC50,46,0
1846,Cc1cc(-c2c(C)nn(C)c2-c2ccc(F)cc2)cc2c1OCC(=O)N2,IC50,10000,1
1847,CC(C=O)Cc1ccc(C(C)(C)C)cc1,Potency,31622.8,1
1848,COc1ccc2c(c1)c(CC(=O)O)c(C)n2C(=O)c1ccc(Cl)cc1,Potency,3162.3,1
1849,Cc1ccc(CN(C(=O)c2cc3cccc(F)c3[nH]2)C(C)C)o1,IC50,1000,0
1850,O=c1c(-c2ccc(O)cc2)coc2cc(O)ccc12,Potency,11220.2,1
1851,CC(COc1ccccc1)N(CCCl)Cc1ccccc1.Cl,Potency,89125.1,1
1852,Cc1cc(C#N)sc1-c1ccc2c(c1)C(C)CC(C)(C)N2,IC50,45,0
1853,O=C1COc2ccc(N3CCOC[C@H]3c3ccccc3)cc2N1,IC50,10000,1
1854,CC1CCc2c([nH]c3ccc(Cl)c(Cl)c23)C1(O)C(F)(F)F,IC50,400,0
1855,Cc1cccc(C)c1Cc1n[nH]c(=O)c2ccccc12,IC50,1380,1
1856,Cc1cc2c(C(F)(F)F)cc(=O)[nH]c2cc1NCC(C)C,IC50,301,0
1857,C[C@]12CC(=O)[C@H]3[C@@H](CCC4=CC(=O)C=C[C@@]43C)[C@@H]1CC[C@]2(O)C(=O)CO,Potency,199.5,0
1858,O=C(/C=C/c1ccccc1)c1cc(Cl)ccc1O,IC50,1510,1
1859,Cn1c(C#N)ccc1-c1cc(F)c(O)cc1F,IC50,85.8,0
1860,Oc1ccc2nc(N3CCOCC3)sc2c1,IC50,7410,1
1861,CC(C)N1C(=O)N(c2ccccc2)CS/C1=N\C(C)(C)C,Potency,28183.8,1
1862,COc1cc(Sc2ccccc2OC)ccc1C#N,IC50,20,0
1863,CCCCCOC(=O)COc1cc(N2C(=O)C3=C(CCCC3)C2=O)c(F)cc1Cl,Potency,6309.6,1
1864,Cc1ccccc1[S+]([O-])c1ccc(C#N)cc1Cl,IC50,10000,1
1865,Cn1c(C#N)ccc1-c1c(F)cc(O)cc1F,IC50,1.6,0
1866,Cc1c(C#N)c(Cl)nc2c3c(sc12)NC(=O)CC3c1ccccc1Cl,IC50,1995.26,1
1867,C[C@]12CC(=O)[C@H]3[C@@H](CCC4=CC(=O)CC[C@@]43C)[C@@H]1CC[C@]2(O)C(=O)CO,Potency,35.5,0
1868,NS(=O)(=O)c1cccc2cc(SCCOc3ccccc3)[nH]c12,IC50,1500,1
1869,Cc1cccc(SCc2cc(=O)oc3cc(O)ccc23)n1,IC50,50000,1
1870,O=C1[C@H]2[C@@H]3C[C@@H](CN3C(=O)c3ccccc3)N2C(=O)N1c1ccc([N+](=O)[O-])cc1,Ki,10,0
1871,Cc1cc(-c2ccc3c(c2)NC(=O)CO3)n(-c2ccccc2)n1,IC50,10000,1
1872,Oc1ccc(Cl)cc1Cc1ccccc1,Potency,44668.4,1
1873,CC1COc2cc3[nH]c(=O)cc(C(F)(F)F)c3cc2N1,Ki,113,0
1874,C[C@]12C[C@H](O)[C@H]3[C@@H](CCC4=CC(=O)CC[C@@]43C)[C@@H]1CC[C@]2(O)C(=O)CO,Potency,14.1,0
1875,C/C(=C1/c2ccccc2COc2ccccc21)c1cccc(NS(C)(=O)=O)c1,Ki,5.98,0
1876,CCCCOC(=O)[C@@H](C)Oc1ccc(Oc2ccc(C#N)cc2F)cc1,Potency,1258.9,1
1877,C[C@@H](Nc1cc(C(F)(F)F)c(C#N)cn1)c1ccccc1,IC50,4926,1
1878,CC1CC(C)(C)Nc2ccc3c(c21)COc1ccc([N+](=O)[O-])cc1-3,IC50,63,0
1879,Fc1ccc(Oc2ccnc3cc(Cl)cc(Cl)c23)cc1,Potency,39810.7,1
1880,COc1cc(-c2ccccc2O)ccc1C#N,IC50,20.1,0
1881,Cc1ccc(-c2c(C)noc2C)cc1Nc1ccc(C#N)c(Cl)c1,IC50,641.3,0
1882,CC1(C)CCC[C@]2(C)c3cc4c(C(F)(F)F)cc(O)nc4cc3N[C@H]12,IC50,51,0
1883,CS(=O)(=O)c1c(F)cccc1-c1csc(N2CCOCC2)n1,IC50,3560,1
1884,C[C@H]1Nc2cc3c(cc2[C@H]1C)c(C(F)(F)F)cc(=O)n3C,Ki,10,0
1885,CN1C(=O)C2C=CC1[C@@H]1C(=O)N(c3ccc([N+](=O)[O-])c4ccccc34)C(=O)[C@H]21,Ki,115,0
1886,CC(C)Sc1ccc(C#N)c(C(F)(F)F)c1,IC50,20,0
1887,Cn1c(C#N)ccc1-c1ccc(O)cc1S(C)(=O)=O,IC50,1465.9,1
1888,C=C1C[C@H](C)C[C@@H](C)[C@@H]1Cc1cc(OC)c(Br)cc1O,Ki,1139,1
1889,COC(=O)C1=C(C(F)(F)F)NC(C)=C(C#N)C1c1ccc(F)cc1Cl,IC50,800,0
1890,Nc1nc(-c2ccc3ccccc3c2)cs1,IC50,9160,1
1891,O=[N+]([O-])c1c2ccccc2cc2ccccc12,Potency,39810.7,1
1892,C=C1C=C(C)CC(C)(C)C1Cc1ccc2nonc2c1,Ki,10000,1
1893,O=C1[C@H]2C3C=CC(C3)[C@H]2C(=O)N1c1ccc(Br)c(C(F)(F)F)c1,Ki,0.6,0
1894,CC(C)(O)c1cn(-c2ccc(Cl)c(C(F)(F)F)c2)nn1,IC50,49000,1
1895,COc1cc(NS(C)(=O)=O)c2[nH]c(C)c(-c3cc(F)ccc3OC)c2c1,Ki,1120,1
1896,Cn1c(C#N)ccc1-c1ccc(O)c(F)c1F,IC50,36.8,0
1897,Cc1c2c(cc3c(C(F)(F)F)cc(O)nc13)C(C)CC(C)(C)N2,IC50,22,0
1898,CN1C(=O)N(c2ccc(C#N)c(C(F)(F)F)c2)C(=O)[C@@]1(C)c1ccc(O)cc1,IC50,9.6,0
1899,O=[N+]([O-])c1ccc(Oc2ccc(C(F)(F)F)cc2[N+](=O)[O-])cc1,Potency,19952.6,1
1900,O=C1CN(/N=C/c2ccc([N+](=O)[O-])o2)C(=O)N1,Potency,15848.9,1
1901,COc1cccc(C(=O)Nc2ccc(Oc3ccc(O)cc3)c(C)c2)c1,IC50,43,0
1902,CC[Si](CC)(c1ccc(O)c(C)c1)c1ccc(O)c(C)c1,IC50,1900,1
1903,Cc1c(N2C(NC#N)N3CC[C@H](O)[C@H]3[C@@H]2C)ccc(C#N)c1Cl,Ki,17,0
1904,Cc1cc(-c2ccc(N)c(C)c2)ccc1N,Potency,35481.3,1
1905,CC12CCC(C)(O1)[C@@H]1C(=O)N(c3ccc([N+](=O)[O-])c(C(F)(F)F)c3)C(=O)[C@@H]12,IC50,11,0
1906,O=C(/C=C/c1ccccc1O)c1cc(Br)cc(Br)c1O,IC50,2870,1
1907,O=c1cc(C(F)(F)F)c2ccc(N(CC(F)(F)F)CC(F)(F)F)cc2o1,IC50,63,0
1908,Cc1ccccc1Sc1ccc(C#N)cc1Cl,IC50,43,0
1909,CC(C)(c1ccc(O)cc1)c1ccc(O)cc1,Potency,501.2,0
1910,O=C(O)c1ccc(N2CCCC2)c2ccccc12,IC50,10000,1
1911,CC12CCC(C)(O1)[C@@H]1C(=O)N(c3ccc([N+](=O)[O-])c4c(Br)cccc34)C(=O)[C@@H]12,Ki,17,0
1912,CC1(C)NC(=O)N(c2ccc(C#N)c(C(F)(F)F)c2)C1=O,IC50,6,0
1913,Cc1ccccc1OCCSc1nc2ccccc2[nH]1,IC50,19000,1
1914,Cc1c(NS(C)(=O)=O)cccc1N(Cc1ccccc1)Cc1ccc(Cl)cc1F,IC50,300,0
1915,Cc1c(C#N)c(-c2ccc(C#N)cc2)c(C)n1Cc1ccc(C(=O)O)cc1,IC50,1.4,0
1916,O=c1[nH]nc(Cc2ccccc2[N+](=O)[O-])c2ccccc12,IC50,530,0
1917,c1ccc(Nc2ccc3ccccc3c2)cc1,Potency,22387.2,1
1918,O=C(N(CC(F)(F)F)c1ccc2[nH]c(=O)cc(C(F)(F)F)c2c1)C(F)(F)F,IC50,4.1,0
1919,Oc1c(Br)ccc2c1[nH]c1cc(Cl)c(Cl)cc12,IC50,34,0
1920,CC1CC(C)(C)Nc2cc3c(cc21)c(C(F)(F)F)cc(=O)n3C,Ki,46,0
1921,CC1=CC(C)(C)Nc2cc3nc(O)cc(C(F)(F)F)c3cc21,IC50,28,0
1922,Cc1nn(-c2ccc(C#N)cc2Cl)c(C)c1Cc1ccc(F)cc1,IC50,820,0
1923,CC[C@@H]1C[C@](O)(C(F)(F)F)[C@@H](Nc2cccc3[nH]c(=O)ccc23)c2cc(F)c(F)c(O)c21,IC50,1000,0
1924,CN(Cc1cccs1)C(=O)c1cc2ccc(F)cc2[nH]1,IC50,3380,1
1925,N#Cc1ccc(N2CCCC2)c2ccccc12,IC50,2.5,0
1926,CCCC[Si](CCCC)(c1ccc(O)c(C)c1)c1ccc(O)c(C)c1,IC50,8200,1
1927,COc1ccc(F)cc1C(C)(C)CC(O)(CNC(=O)c1cnn(-c2ccc(F)cc2)c1N)C(F)(F)F,IC50,1000,0
1928,Cc1cc(=O)oc2cc(OC(C)C(=O)c3ccccc3)ccc12,IC50,5090,1
1929,O=C(/C=C/c1ccc(O)cc1)c1cc(Cl)ccc1O,IC50,5920,1
1930,N#Cc1ccc(O[C@@H]2CCCC[C@H]2C#N)cc1C(F)(F)F,IC50,12,0
1931,C=C(C)C[C@@](O)([C@@H](Nc1cccc2c(=O)[nH]ccc12)c1cc(Br)ccc1O)C(F)(F)F,IC50,1000,0
1932,O=[N+]([O-])c1ccc(N2CCCC2)c2ccccc12,IC50,2.5,0
1933,COc1ccc2cc3[n+](cc2c1OC)CCc1cc2c(cc1-3)OCO2.[Cl-],Potency,31622.8,1
1934,N#Cc1cc(C(F)(F)F)c2[nH]c3c(c2c1)CCCC3(O)C(F)(F)F,IC50,390,0
1935,OCCN1CCc2c([nH]c3ccccc23)C1c1ccc(Cl)cc1,IC50,31622.78,1
1936,Cc1cc(C)cc(Nc2cc(C(=O)N3CCCC3)n(C)c2)c1,Ki,3100,1
1937,CC[n+]1c(-c2ccccc2)c2cc(N)ccc2c2ccc(N)cc21.[Br-],Potency,1000,0
1938,Oc1ccc(-c2nc(-c3c[nH]c4ccccc34)cs2)cc1,IC50,5050,1
1939,Cc1cc(-c2ccc([N+](=O)[O-])cc2)c(C)n1Cc1ccccc1,IC50,6.7,0
1940,Nc1ccccc1-c1csc(N2CCOCC2)n1,IC50,1380,1
1941,NS(=O)(=O)c1ccc(OCCSc2nc3ccccc3[nH]2)cc1,IC50,62000,1
1942,CCCN(CC1CC1)c1cc(C(F)(F)F)c(C#N)cn1,IC50,0.8,0
1943,CC1=CC(C)(C)Nc2c1cc1c(C(F)(F)F)cc(O)nc1c2C,IC50,23,0
1944,Cn1ncc(-c2ccc3c(c2)NC(=O)CO3)c1-c1ccc(F)cc1,IC50,10000,1
1945,CC(C)(O)c1cn(-c2ccc([N+](=O)[O-])c(C(F)(F)F)c2)nn1,IC50,45000,1
1946,N#Cc1ccc2[nH]c3c(O)cccc3c2c1,IC50,4600,1
1947,O=C1CC(c2ccccc2)Oc2ccccc21,IC50,20000,1
1948,C[C@H]1c2c(cc(F)c(-c3cccc4cc[nH]c34)c2F)NC(C)(C)[C@@H]1O,Ki,1430,1
1949,Cl.Nc1c2ccccc2nc2ccccc12.O,Potency,11220.2,1
1950,CC(C)(C)C(O)(CCc1ccc(Cl)cc1)Cn1cncn1,Potency,50118.7,1
1951,O=c1[nH]nc(Cc2c(F)cccc2F)c2ccccc12,IC50,3760,1
1952,Cl.Nc1c2c(nc3ccccc13)CCCC2,Potency,44.7,0
1953,O=c1cc(C(F)(F)F)c2cc3c(cc2[nH]1)OCCN3,IC50,296,0
1954,FC(F)(F)[C@H]1CN(c2nc(-c3ccccc3)cs2)CCO1,IC50,160,0
1955,CCCOC/C(=N\c1ccc(Cl)cc1C(F)(F)F)n1ccnc1,Potency,44668.4,1
1956,FC(F)(F)c1cccc(-c2csc(N3CCOCC3)n2)c1,IC50,580,0
1957,CC12CCC(C)(O1)[C@@H]1C(=O)N(c3cnc(C#N)c(Cl)c3)C(=O)[C@@H]12,Ki,4,0
1958,CC(=O)N[C@H]1C(C)(C)[C@H](Oc2ccc(C#N)cc2Cl)C1(C)C,IC50,161,0
1959,O=C1[C@H]2C3C=CC(C3)[C@H]2C(=O)N1c1ccc2cccnc2c1,Ki,13,0
1960,CNc1cnn(-c2cccc(C(F)(F)F)c2)c(=O)c1Cl,Potency,22387.2,1
1961,Cc1cc(=O)[nH]c2ccc3c4c(C(=O)OC(C)(C)C)cccc4oc(=O)c3c12,IC50,1.9,0
1962,CC#C[C@@]1(O)C[C@@H](O)[C@@]2(CC)c3ccc(O)cc3CC[C@@H]2C1,IC50,10000,1
1963,C[C@]12CCC3C4CCC(=O)C=C4C4(CC4)CC3C1C1CC1[C@@]21CCC(=O)O1,IC50,26,0
1964,CCN(CC)c1cc2oc(=O)ccc2cc1-c1ccccc1,IC50,10000,1
1965,c1ccc2c(c1)-c1cccc3c1c-2cc1ccccc13,Potency,44668.4,1
1966,c1ccc(OCCNc2nc3ccccc3[nH]2)cc1,IC50,200000,1
1967,O=C1[C@H]2C3C=CC(C3)[C@H]2C(=O)N1c1ccc([N+](=O)[O-])cc1,Ki,12,0
1968,CN(Cc1ccc(Br)o1)C(=O)c1cc2ccc(F)cc2[nH]1,IC50,8090,1
1969,c1ccc(-c2cc(N3CCOCC3)cs2)cc1,IC50,840,0
1970,Oc1c(Cc2ccccc2)ccc2c1[nH]c1ccc(Cl)c(Cl)c12,IC50,1000,0
1971,Cc1cc(C)c(Sc2ccc(C#N)c(C(F)(F)F)c2)c(C)c1,IC50,1340,1
1972,COc1cc(-c2cn(C(C)C)c3cc(NS(C)(=O)=O)ccc23)ccc1C#N,Ki,490,0
1973,O=c1cc(C(F)(F)F)c2cc(N3CCCC3)ccc2[nH]1,IC50,25,0
1974,CC(C)Oc1cccc(NC(=O)c2ccccc2C(F)(F)F)c1,Potency,39810.7,1
1975,OC1(C(F)(F)F)CCCc2c1[nH]c1c(Cl)c(Cl)ccc21,IC50,130,0
1976,CCC1CCc2cc3c(C(F)(F)F)cc(=O)oc3cc2N1,IC50,1,0
1977,CCOC(=O)COc1cc(-c2nn(C)c(OC(F)F)c2Cl)c(F)cc1Cl,Potency,12589.3,1
1978,N#Cc1ccc(N2[C@H]3CC[C@@H]2C[C@H](O)C3)cc1Cl,IC50,31.7,0
1979,N#Cc1ccc(SC2CCC2)cc1C(F)(F)F,IC50,167,0
1980,O=C1[C@H]2C3C=CC(C3)[C@H]2C(=O)N1c1ccc2ccccc2c1,Ki,11,0
1981,Oc1ccc(-c2ccc3ccccc3n2)cc1,IC50,9840,1
1982,C[C@]12C[C@H](O)[C@H]3[C@@H](CCC4=CC(=O)C=C[C@@]43C)[C@@H]1CC[C@]2(O)C(=O)CO,IC50,2000,1
1983,CS(=O)(=O)Nc1cccc2c(-c3ccc(F)cc3)c[nH]c12,Ki,496,0
1984,c1ccc(OCCCc2nc3ccccc3[nH]2)cc1,IC50,200000,1
1985,OC1(C(F)(F)F)c2[nH]c3cc(Cl)c(Cl)cc3c2CCC1F,IC50,140,0
1986,CC1CC(C)(C)Nc2ccc3c(c21)COc1c(F)cc(F)cc1-3,IC50,147,0
1987,O=C(/C=C/c1ccc2c(c1)OCO2)c1cc(Cl)ccc1O,IC50,4360,1
1988,c1ccc(-c2ccc(N3CCOCC3)s2)cc1,IC50,510,0
1989,N#Cc1cnc(N2CCCCC2)cc1C(F)(F)F,IC50,209,0
1990,Cc1c(O)ccc(-c2ccc(C#N)n2C)c1C,IC50,4.9,0
1991,O=C1[C@H]2C3CCC(C3)[C@H]2C(=O)N1c1ccc2ccccc2c1,Ki,11,0
1992,CN(C)C1CC(C(C)(C)CO)Nc2ccc([N+](=O)[O-])cc21,Ki,14.9,0
1993,CC1(C)CCc2cc3c(C(F)(F)F)ccnc3cc2N1,Ki,5,0
1994,O=c1cc(C(F)(F)F)c2ccc(NCC(F)(F)F)cc2o1,IC50,50,0
1995,CN1c2cc3nccc(C(F)(F)F)c3cc2CCC1(C)C,IC50,725,0
1996,O=C1[C@H]2C3C=CC(C3)[C@H]2C(=O)N1c1ccc(O)c2ncccc12,Ki,32,0
1997,Cn1c(-c2ccc(O)cc2)cc(C(F)(F)F)c1C#N,IC50,11.1,0
1998,Oc1ccc(Cl)cc1Sc1cc(Cl)ccc1O,Potency,35481.3,1
1999,Nc1ccc2cc3ccccc3cc2c1,Potency,39810.7,1
2000,CC1=C(C)C(C)(C)Nc2cc3nc(O)cc(C(F)(F)F)c3cc21,IC50,68,0
2001,Cc1cc(C(O)(C(F)(F)F)C(F)(F)F)cc2c3ccc(F)cc3c(=O)n(C)c12,IC50,300,0
2002,N#Cc1ccc(N2C(=O)[C@@H]3[C@H](O)CCN3C2=O)cc1,Ki,34,0
2003,C[C@H]1N(C)c2cc3c(cc2C1(C)C)c(C(F)(F)F)cc(=O)n3C,Ki,33,0
2004,CCc1cc2c(C(F)(F)F)cc(=O)[nH]c2cc1NCC(F)(F)F,Ki,157,0
2005,CC12CCC(C)(O1)[C@@H]1C(=O)N(c3cc(Cl)cc(Cl)c3)C(=O)[C@@H]12,Ki,3,0
2006,COCCN(Cc1ccco1)C(=O)c1cc2cc(F)ccc2[nH]1,IC50,6470,1
2007,CC(C)(C)OC(=O)N1C[C@H]2C[C@@H]1[C@H]1C(=O)N(c3ccc([N+](=O)[O-])cc3)C(=O)N12,Ki,230,0
2008,C=C1C=C(C)CC(C)(C)C1(O)Cc1ccc([N+](=O)[O-])cc1,Ki,6454,1
2009,Cc1cc(C)c(Oc2ccc(C#N)c(C(F)(F)F)c2)c(C)c1,IC50,198,0
2010,CC12CCCN1c1cc3nc(O)cc(C(F)(F)F)c3cc1CC2,Ki,169,0
2011,Cc1c2c(cc3c(C(F)(F)F)ccnc13)C(C)CC(C)(C)N2,IC50,244,0
2012,O=c1[nH]nc(Cc2ccccc2C(F)(F)F)c2ccccc12,IC50,3670,1
2013,N#Cc1ccc(Oc2ccc(F)cc2F)cc1C(F)(F)F,IC50,60,0
2014,CCC1(CC)CCNc2cc3nc(O)cc(C(F)(F)F)c3cc21,Ki,58,0
2015,Cc1cccc(C)c1Sc1ccc(C#N)c(C(F)(F)F)c1,IC50,411,0
2016,CC1(C)Cc2cc3c(C(F)(F)F)cc(O)nc3cc2NC1(C)C,IC50,83,0
2017,Cc1cc(-c2cccc3cc[nH]c23)c(Cl)c2c1NC(C)(C)CC2C,Ki,57,0
2018,CC1(C)CCCN1c1ccc(C#N)c2ccccc12,IC50,7,0
2019,CC1(O)CCCc2c1[nH]c1ccc(C#N)cc21,IC50,9200,1
2020,CCCCc1ccc(C(=O)N2C[C@@H]3C[C@H]2[C@@H]2C(=O)N(c4ccc([N+](=O)[O-])cc4)C(=O)N32)cc1,IC50,60,0
2021,CN(C)c1ccc(C(=C2C=CC(=[N+](C)C)C=C2)c2ccccc2)cc1.CN(C)c1ccc(C(=C2C=CC(=[N+](C)C)C=C2)c2ccccc2)cc1.O=C(O)C(=O)O.O=C([O-])C(=O)O.O=C([O-])C(=O)O,Potency,1000,0
2022,OC1(C(F)(F)F)c2[nH]c3cc(Cl)c(Cl)cc3c2CCC1(F)F,IC50,220,0
2023,Oc1ccc(Cl)cc1Cc1cc(Cl)ccc1O,Potency,35481.3,1
2024,CC1CCCN1c1ccc2[nH]c(=O)cc(C(F)(F)F)c2c1,Ki,72,0
2025,CCC1(c2ccco2)OCC(=O)Nc2ccc(-c3cc(F)cc(C#N)c3)cc21,IC50,690,0
2026,Cc1nn(-c2ccc(C#N)cc2)c(C)c1Cc1ccc(F)cc1,IC50,91,0
2027,OC1c2[nH]c3ccc(Cl)c(Cl)c3c2C(C(F)(F)F)CC1F,IC50,70,0
2028,C#C[C@]1(O)CC[C@H]2C3=CCc4cc(O)ccc4[C@H]3CC[C@@]21C,Potency,10000,1
2029,O=C1[C@H]2C3C=CC(C3)[C@H]2C(=O)N1c1ccc([N+](=O)[O-])c(C(F)(F)F)c1,Ki,5,0
2030,O=C1c2cccc(O)c2C(=O)c2c(O)cc(CO)cc21,Potency,70794.6,1
2031,O=c1cc(C(F)(F)F)c2c3c(ccc2[nH]1)N[C@H](c1ccccc1)CO3,IC50,1480,1
2032,O=c1cc(-c2ccccc2O)oc2ccccc12,IC50,1000,0
2033,CN1CCc2cc3c(C(F)(F)F)cc(=O)n(C)c3cc21,Ki,167,0
2034,c1ccc(OCCSc2cc3ccccc3[nH]2)cc1,IC50,5400,1
2035,[O-][S+](CCOc1ccccc1)c1nc2ccccc2[nH]1,IC50,200000,1
2036,Cc1c(C#N)c(-c2ccc(C#N)cc2)c(C)n1Cc1cnc(Cl)c(CO)c1,IC50,25,0
2037,N#Cc1ccc(-c2c(O)cccc2O)cc1C(F)(F)F,IC50,989,0
2038,N#Cc1ccc(N2C3CCC2CC(=O)C3)cc1C(F)(F)F,IC50,66,0
2039,C=C1C=CCC(C)(C)C1Cc1cc(OC)c(Br)cc1O,Ki,1518,1
2040,Cn1c(C#N)ccc1-c1ccc(O)cc1C(F)(F)F,IC50,14.8,0
2041,O=S(=O)(CCOc1ccccc1)c1nc2ccccc2[nH]1,IC50,200000,1
2042,CC(COc1ccc(Oc2ccccc2)cc1)Oc1ccccn1,Potency,39810.7,1
2043,C[C@H]1Nc2cc3c(cc2C1(C)C)c(C(F)(F)F)cc(=O)n3C,Ki,9,0
2044,CC1(O)CCCc2c1[nH]c1cc(Cl)c(Cl)cc21,IC50,10000,1
2045,Cc1nn(-c2ccc(C#N)c(Cl)c2)c(C)c1Cc1ccccc1C(N)=O,IC50,4200,1
2046,C[C@@H]1Cc2cc3c(C(F)(F)F)cc(=O)n(C)c3cc2N1,Ki,9,0
2047,Cc1c(N2CC[C@H](O)[C@@H]2C)ccc(C#N)c1Cl,IC50,0.19,0
2048,OC1(C(F)(F)F)c2[nH]c3c(Cl)cc(F)cc3c2CCC1C(F)(F)F,IC50,10000,1
2049,CCC1CCN(C)c2cc3c(cc21)c(C(F)(F)F)cc(=O)n3C,IC50,216,0
2050,C[C@]12CCC3C4CCC(=O)C=C4CCC3C1C1CC1[C@@]21CCC(=O)O1,IC50,6,0
2051,C[C@@H]1N(c2ccc(C#N)c(Cl)c2)CC[C@]1(C)O,IC50,0.32,0
2052,Cn1c(=O)cc(C(F)(F)F)c2cc3c(cc21)N1CCCC1(C)CC3,IC50,27,0
2053,COC(=O)c1ccc([C@H]2Nc3ccc(C(C)=O)cc3[C@H]3C=CC[C@H]32)cc1,IC50,1200,1
2054,C=C1[C@@H](Cc2cc(OC)c(Br)cc2O)C(C)(C)CC[C@@]1(C)O,Ki,6662,1
2055,O=c1cc(C(F)(F)F)c2cc3c(cc2o1)NCCC3,IC50,1,0
2056,CC12CCC(C)(O1)[C@@H]1C(=O)N(c3ccc(C#N)c4nsnc34)C(=O)[C@@H]12,Ki,3,0
2057,CS(=O)(=O)Nc1cccc2c(-c3cccc(Cl)c3)c[nH]c12,Ki,91,0
2058,C[C@@H]1N(c2ccc(C#N)c(Cl)c2)C(=O)C[C@]1(C)O,IC50,15,0
2059,Nc1ccc2c(c1)C(=O)c1ccccc1C2=O,Potency,15848.9,1
2060,Cc1cc(Cc2cc(C)cc(C(C)(C)C)c2O)c(O)c(C(C)(C)C)c1,Potency,14125.4,1
2061,CC12CCC(C)(O1)[C@@H]1C(=O)N(c3c(N)ccc4ncsc34)C(=O)[C@@H]12,Ki,17,0
2062,OC1(c2cccnc2)CCN(c2ccc3nnc(C(F)(F)F)n3n2)CC1,IC50,10715.19,1
2063,Oc1c(Cc2ccccc2)ccc2c1[nH]c1cc(Cl)c(Cl)cc12,IC50,1000,0
2064,C[C@@]12[C@@H]3C=C[C@@H](C3)[C@@H]1CN(c1ccc(C#N)c(C(F)(F)F)c1)S2(=O)=O,Ki,2,0
2065,Cc1c(C#N)c(-c2ccc(C#N)cc2)c(C)n1Cc1cncc(CO)c1,IC50,14,0
2066,C[C@@]12[C@@H]3CC[C@@H](C3=O)[C@@H]1CN(c1ccc(C#N)c(C(F)(F)F)c1)S2(=O)=O,Ki,8,0
2067,COc1ccc2[nH]c([S+]([O-])Cc3ncc(C)c(OC)c3C)nc2c1,Potency,31622.8,1
2068,OC1(c2ccc(F)cc2)CCN(c2ccc3nnc(C(F)(F)F)n3n2)CC1,IC50,3715.35,1
2069,N#CCCN(Cc1ccccc1)C(=O)c1cc2ccccc2[nH]1,IC50,4580,1
2070,Cn1c(=O)cc(C(F)(F)F)c2cc3c(cc21)NCC3,IC50,56,0
2071,N#Cc1ccc(N2CCC(O)(Cc3ccccc3)C2)cc1Cl,IC50,420,0
2072,CC12CCC(C)(O1)[C@@H]1C(=O)N(c3c(N)ccc4nccn34)C(=O)[C@@H]12,Ki,27,0
2073,CC1(C)OC(=O)Nc2ccc(-c3coc(C#N)c3)cc21,IC50,129,0
2074,CC1=CC(C)(C)Nc2c1cc1c(C(F)(F)F)cc(=O)n(C)c1c2C,Ki,874,0
2075,CCC(C)c1cc2c(C(F)(F)F)cc(=O)[nH]c2cc1N,Ki,13,0
2076,Cn1c(C#N)ccc1-c1ccc2[nH]c(=S)n(C3CCCC3)c2c1,IC50,1000,0
2077,Cc1cc(-c2cc(C)c(N)c(C)c2)cc(C)c1N,Potency,44.7,0
2078,C[C@H](c1ccc(F)cc1)N1C(=O)O[C@](Cc2ccc(F)cc2)(C(=O)NCc2ccc(Cl)c(Cl)c2)C1=O,IC50,20000,1
2079,N#Cc1ccc(Oc2ccccc2-c2ccccc2)cc1C(F)(F)F,IC50,430,0
2080,O=c1oc2cc(O)ccc2c2oc3cc(O)ccc3c12,Potency,17782.8,1
2081,Cc1cccc(C)c1OCCSc1nc2ccccc2[nH]1,IC50,1900,1
2082,CN(Cc1ccc(Br)s1)C(=O)c1cc2ccc(F)cc2[nH]1,IC50,3060,1
2083,Cn1c(C#N)ccc1-c1ccc(O)c2c1CCC2,IC50,8.1,0
2084,CC(C)(C)N1CCOc2cc3[nH]c(=O)cc(C(F)(F)F)c3cc21,Ki,48,0
2085,CC12CCC(C)(O1)[C@@H]1C(=O)N(c3cccc(C(F)(F)F)c3)C(=O)[C@@H]12,IC50,36,0
2086,O=C1NC(=O)C(Cc2ccc(OCCN3COc4ccccc4C3=O)cc2)S1,Potency,11220.2,1
2087,CC1(C)CCC[C@@H]2c3cc4c(C(F)(F)F)cc(O)nc4cc3N[C@@H]21,IC50,26,0
2088,CC1c2cc3c(C(F)(F)F)cc(O)nc3cc2NC(C)(C)C1(C)C,IC50,57,0
2089,O=C1[C@@H]2C3CCC(O3)[C@@H]2C(=O)N1c1ccc(Br)c2ccccc12,Ki,53,0
2090,CC1=CC(C)(C)N(C)c2cc3nc(O)cc(C(F)(F)F)c3cc21,IC50,156,0
2091,O=C(O)c1cccc(Nc2ccc([N+](=O)[O-])c3ccccc23)c1,IC50,4700,1
2092,Cc1c2ccccc2c(C)c2c1ccc1ccccc12,Potency,2818.4,1
2093,C#C[C@]1(O)CC[C@H]2[C@@H]3CCc4cc(O)ccc4[C@H]3CC[C@@]21C,Potency,14.1,0
2094,COc1cc(C2Oc3cc(C4Oc5cc(O)cc(O)c5C(=O)C4O)ccc3OC2CO)ccc1O,Potency,15848.9,1
2095,N#Cc1cnc(N2CCC3CCCCC3C2)cc1C(F)(F)F,IC50,169,0
2096,Cc1nnc(CN2CC(C)(C)[C@@H](Oc3ccc(C#N)c(C(F)(F)F)c3)C2=O)o1,IC50,633,0
2097,CC1(C)CCc2cc3c(C(F)(F)F)cc(=O)oc3cc2N1,IC50,1,0
2098,Fc1ccc(CN2CCN(C3=Nn4c(nnc4C(F)(F)F)CC3)CC2)cc1,IC50,5888.44,1
2099,COC(=O)[C@H]1CCN(c2ccc(C#N)c3ccccc23)[C@H]1C,IC50,7.5,0
2100,CCC1CCNc2cc3c(cc21)c(C(F)(F)F)cc(=O)n3C,Ki,9,0
2101,CC[C@H]1[C@@H](O)CC(=O)N1c1ccc(C#N)c(OC)c1,IC50,9.2,0
2102,Cc1c(N2C(=O)[C@]3(C)[C@H](O)CCN3S2(=O)=O)ccc(C#N)c1Cl,Ki,8.2,0
2103,N#Cc1cccc(C2=NOC3CCCCC23)c1C(F)(F)F,IC50,64.57,0
2104,N#Cc1ccc(N2C(=O)[C@@H]3[C@H](O)CCN3C2=O)cc1C(F)(F)F,Ki,7.8,0
2105,CC1(C)OC(=O)Nc2ccc(-c3csc(C#N)c3)cc21,IC50,280,0
2106,N#Cc1ccc(N2C[C@H]3[C@H]4CC[C@H](C4)[C@H]3S2(=O)=O)cc1C(F)(F)F,Ki,3,0
2107,CC1=CC(C)(C)N(C)c2cc3nc(Cl)cc(C(F)(F)F)c3cc21,IC50,336,0
2108,COc1cccc2oc(=O)c3c(ccc4[nH]c(=O)cc(C)c43)c12,IC50,21,0
2109,CCC1CCN(C)c2cc3oc(=O)cc(C(F)(F)F)c3cc21,IC50,10,0
2110,CCN(CC)c1cc2oc(=O)ccc2cc1-c1cccs1,IC50,9700,1
2111,COc1cc(F)ccc1-c1c(C)[nH]c2c(NS(C)(=O)=O)cc(F)cc12,Ki,1130,1
2112,CC1CCN(c2cc(C(F)(F)F)c(C#N)cn2)CC1,IC50,73,0
2113,CC12CCC(O1)[C@H]1C(=O)N(c3cccc(C(F)(F)F)c3)C(=O)[C@H]12,IC50,343,0
2114,C=CC(O)(c1nc2cc(Cl)c(Cl)cc2[nH]1)C(F)(F)F,IC50,7,0
2115,N#Cc1ccc(C(=O)NC[C@H]2CC[C@H](Oc3ccnc4ccccc34)CC2)cc1,IC50,330,0
2116,O=c1cc(C(F)(F)F)c2cc3c(cc2[nH]1)OCCN3Cc1ccccc1,Ki,206,0
2117,C[C@](O)(COc1ccc(-c2cocn2)cc1)C(=O)N1CCc2c(C#N)cccc21,IC50,179.4,0
2118,N#CC(CCc1ccc(Cl)cc1)(Cn1cncn1)c1ccccc1,Potency,3.5,0
2119,C[C@H]1C(=O)CCN1c1ccc(C#N)c2ccccc12,IC50,37,0
2120,COC(=O)c1c(-c2ccc(C#N)c(C(F)(F)F)c2)c(C)n(Cc2ccccc2)c1C,IC50,3.9,0
2121,O=C(CN1c2ccccc2Sc2ccc(C(F)(F)F)cc21)c1cccc2ccccc12,IC50,250,0
2122,O=C1[C@@H]2C3CCC(O3)[C@@H]2C(=O)N1c1cccc(C(F)(F)F)c1,Ki,4100,1
2123,COc1cccc(OC)c1-c1ccc(C#N)c(C(F)(F)F)c1,IC50,14.7,0
2124,c1ccc2c(c1)CC(c1c[nH]c3ccccc13)N2,IC50,310,0
2125,CS(=O)(=O)Nc1cccc(C=C2c3ccccc3CCc3ccccc32)c1,Ki,418,0
2126,O=[N+]([O-])c1cc(C(F)(F)F)c(Cl)c([N+](=O)[O-])c1Nc1ncc(C(F)(F)F)cc1Cl,Potency,11220.2,1
2127,N#Cc1ccc(N2C[C@H]3[C@H]4C=C[C@H](C4)[C@H]3S2(=O)=O)cc1C(F)(F)F,Ki,12,0
2128,O=c1cc(C(F)(F)F)c2c3c(ccc2[nH]1)-c1ccccc1CO3,Ki,8,0
2129,c1ccc2cc3c(ccc4ccccc43)cc2c1,Potency,17782.8,1
2130,O=C1[C@H]2C3CCC(C3)N2C(=O)N1c1cccc(C(F)(F)F)c1,Ki,21,0
2131,CC1(C)OC(=O)Nc2ccc(-c3ccc(F)c(Cl)c3)cc21,IC50,207,0
2132,Cc1c2c(cc3c(C(F)(F)F)cc(=O)n(C)c13)C(C)CC(C)(C)N2,IC50,31,0
2133,CNC(=O)c1ccc([C@]2(O)CCN(c3ccc(C#N)cc3)[C@H]2C)cn1,IC50,400,0
2134,C[C@H]1Nc2cc3nc(O)cc(C(F)(F)F)c3cc2C1(C)C,Ki,21,0
2135,CN1c2cc3c(cc2[C@@]2(C)CCCC[C@@H]12)c(C(F)(F)F)cc(=O)n3C,IC50,53,0
2136,Cc1nn(-c2ccc(C#N)c(Cl)c2)c(C)c1C(O)c1ccc(F)cc1,IC50,26,0
2137,C[C@]12CCC3C4CCC(=O)C=C4[C@H](CO)CC3C1C1CC1[C@@]21CCC(=O)O1,IC50,10000,1
2138,C#C[C@]1(O)CC[C@H]2[C@@H]3CCC4=Cc5oncc5C[C@]4(C)[C@H]3CC[C@@]21C,Potency,56.2,0
2139,COC(=O)c1csc(CN2CC(C)(C)C(Oc3ccc(C#N)c(C(F)(F)F)c3)C2=O)n1,IC50,215,0
2140,Oc1ccc(C2Nc3cccc4cccc(c34)N2)cc1,IC50,5900,1
2141,O=C1COc2ccc(C3=C(c4ccc(F)cc4)C(=O)OC3)cc2N1,IC50,10000,1
2142,O=C1[C@H]2C3C=CC([C@@H]4C[C@H]34)[C@H]2C(=O)N1c1cccc(C(F)(F)F)c1,Ki,9,0
2143,CC[C@H]1[C@@H](O)CC(=O)N1c1ccc(C#N)c(C(F)(F)F)c1,IC50,3.6,0
2144,CC1=CC(C)(C)N(C)c2cc3c(cc21)c(C(F)(F)F)cc(=O)n3C,Ki,39,0
2145,CC[C@@]12C[C@@](C)(O)[C@](O)(c3ccccc3)C[C@H]1CCc1cc(O)ccc12,IC50,300,0
2146,CC#C[C@]1(O)C[C@H]2CCc3cc(O)ccc3[C@]2(CC)C[C@@H]1O,IC50,10000,1
2147,Cc1c(N2C3CCC2CC(C)(O)C3)ccc(C#N)c1Cl,IC50,2.11,0
2148,Cc1c(N2C[C@@H]3[C@H](O)CCN3C2=O)ccc(C#N)c1Cl,Ki,2,0
2149,N#Cc1ccc(N2CCC(O)(c3ccccc3)C2)cc1Cl,IC50,370,0
2150,CC1(C)C(=O)N(c2ccc(C#N)c(C(F)(F)F)c2)C(=O)N1CCOCCOCc1ccc(O)c(C(N)=O)c1,IC50,77,0
2151,CC1(C)CN(C(C)(C)CO)C(=O)[C@@H]1Oc1ccc(C#N)c(C(F)(F)F)c1,IC50,761,0
2152,Cc1c(N2C[C@H]3[C@H](CC[C@H]3O)C2=O)ccc(C#N)c1Cl,Ki,2.2,0
2153,CC1CC(C(F)(F)F)c2c([nH]c3cc(Cl)c(Cl)cc23)C1O,IC50,1000,0
2154,Cc1c(/N=C2\O[C@@H](C(C)C)[C@@H]3[C@H](O)CCN23)ccc(C#N)c1Cl,Ki,0.7,0
2155,CC1(C)[C@H](C=C(Cl)Cl)[C@H]1C(=O)O[C@H](C#N)c1ccc(F)c(Oc2ccccc2)c1,Potency,50118.7,1
2156,C[C@]12CC[C@H]3[C@@H](CCC4=CC(=O)CC[C@@]43C)[C@@H]1CCC2=O,Potency,223.9,0
2157,C=C1[C@@H](Cc2cc(OC)c(Br)cc2O)C(C)(C)CC[C@H]1O,Ki,10000,1
2158,CC[C@@]12C[C@H](O)[C@](O)(c3ccccc3)C[C@H]1CCc1cc(O)ccc12,IC50,10000,1
2159,c1ccc(NCCSc2nc3ccccc3[nH]2)cc1,IC50,200000,1
2160,C[C@H]1[C@@H](C(C)(C)O)CCN1c1ccc(C#N)c2ccccc12,IC50,1.4,0
2161,Cn1c(=O)cc(C(F)(F)F)c2cc3c(cc21)N[C@@H]1CCCC[C@]31C,Ki,9,0
2162,Oc1cc2c(cc1O)[C@H]1c3ccc(O)c(O)c3OC[C@@]1(O)C2,Potency,7943.3,1
2163,CC(=O)N[C@H]1C(C)(C)[C@H](Oc2ccc(C#N)c(C(F)(F)F)c2)C1(C)C,IC50,126,0
2164,Cc1c(C(=O)NCCO)[n+](=O)c2ccccc2n1[O-],Potency,1.3,0
2165,O=c1oc2cc(O)ccc2c(C(F)(F)F)c1Cc1ccccc1,IC50,6000,1
2166,O=C(CC(Nc1ccc([N+](=O)[O-])cc1)c1cccc(F)c1)c1ccc(N2CCOCC2)cc1,Ki,283,0
2167,COc1ccc(CNc2cc(C(F)(F)F)c3cc4c(cc3n2)NC(C)(C)CC4)cc1,Ki,1000,0
2168,CC(C)C(O)(c1nc2cc(Cl)c(Cl)cc2[nH]1)C(F)(F)F,IC50,2,0
2169,O=C1[C@@H]2C3CCC(O3)[C@@H]2C(=O)N1c1ccc([N+](=O)[O-])c2ccccc12,Ki,3,0
2170,C[C@]12CC[C@H]3[C@@H](CC=C4C[C@@H]5CC[C@@]43CC(=O)O5)[C@@H]1CC[C@@H]2O,IC50,1000,0
2171,C[C@]1(O)CC[C@H]2[C@H]3[C@H](CC[C@@]21C)[C@@]1(C)CCC(=O)C=C1C[C@H]3CCCCCCCCCC(=O)O,IC50,600,0
2172,N#Cc1ccc(N2C(=O)[C@@H]3[C@H](O)CCN3C2=O)cc1-c1ccccc1,Ki,48,0
2173,C[C@](O)(Cn1ccc2nc(C#N)ccc21)C(=O)Nc1ccc(C#N)c(C(F)(F)F)c1,IC50,686,0
2174,Cc1nc(CN2CC(C)(C)C(Oc3ccc(C#N)c(C(F)(F)F)c3)C2=O)cs1,IC50,324,0
2175,CC1(c2ccc(Oc3ccccc3)cc2)OC(=O)N(Nc2ccccc2)C1=O,Potency,19952.6,1
2176,C[C@H]1[C@@H](O)C(F)(F)C(=O)N1c1ccc(C#N)c(Cl)c1,IC50,1.1,0
2177,O=c1cc(C(F)(F)F)c2ccc(NCc3ccccc3)cc2[nH]1,Ki,163,0
2178,O=C(CSc1nc(O)c2ccccc2n1)c1ccc(O)c(O)c1,IC50,50000,1
2179,C[C@]12CC[C@@H]3c4ccc(O)cc4CC[C@H]3[C@@H]1CCC2=O,Potency,17782.8,1
2180,CO[C@@H]1C(c2ccc(C#N)c(Cl)c2C)=NN2CC[C@H](O)[C@@H]12,IC50,0.7,0
2181,Cc1cccc(OCCSc2nc3ccccc3n2CC(=O)N2CCOCC2)c1,IC50,200000,1
2182,O=C(Nc1ccccc1Cc1n[nH]c(=O)c2ccccc12)C(F)(F)F,IC50,1010,1
2183,Cc1nn(C)c(-c2ccc(F)cc2F)c1-c1ccc2c(c1)NC(=O)CO2,IC50,10000,1
2184,N#Cc1ccc(N2C(=O)[C@H]3[C@@H]4CC[C@@H](C4)N3C2=O)c2ccccc12,Ki,24,0
2185,C[C@](O)(COc1ccc(C#N)cc1)C(=O)Nc1ccc(C#N)c(C(F)(F)F)c1,Ki,3.8,0
2186,COc1cc(/C=C/C(=O)CC(=O)/C=C/c2ccc(O)c(OC)c2)ccc1O,Potency,35481.3,1
2187,C[C@]12CC[C@H]3[C@@H](CC=C4C[C@@H]5CC[C@@]43CCO5)[C@@H]1CC[C@@H]2O,IC50,710,0
2188,C/C=C1\C[C@H]2[C@@H]3CC[C@H]4N(C)C(=O)C=C[C@]4(C)[C@H]3CC[C@]2(C)[C@H]1O,IC50,35,0
2189,O=S(=O)(Nc1ccc(Oc2ccccc2)cc1)c1cccc(C(F)(F)F)c1,IC50,5300,1
2190,C[C@]12CCCC[C@H]1Nc1cc3nc(O)cc(C(F)(F)F)c3cc12,Ki,21,0
2191,N#Cc1ccc(-c2ccccc2C(F)(F)F)cc1C(F)(F)F,IC50,1,0
2192,N#Cc1ccc(N2C(=O)[C@@H]3[C@H](O)CCN3C2=O)c2ncccc12,Ki,21,0
2193,Oc1ccc2cc(SSc3ccc4cc(O)ccc4c3)ccc2c1,Potency,28183.8,1
2194,CC(C)[C@H](C(=O)O[C@H](C#N)c1cccc(Oc2ccccc2)c1)c1ccc(Cl)cc1,Potency,19952.6,1
2195,Oc1cc(C(F)(F)F)c2cc(N(CC3CC3)CC3CC3)ccc2n1,Ki,6.3,0
2196,N#Cc1cccc(-c2ccc3c(c2)C2(CCCCC2)C(=O)N3)c1,IC50,1000,0
2197,Fc1cccc(CN2CCN(c3ccc4nnc(C(F)(F)F)n4n3)CC2)c1F,IC50,2089.3,1
2198,C[C@]12CCC3=C4CCC(=O)C=C4CC[C@H]3[C@@H]1CC[C@@H]2O,IC50,0.2,0
2199,CN1c2cc3c(cc2[C@H]2CCCC(C)(C)[C@H]21)c(C(F)(F)F)cc(=O)n3C,IC50,27,0
2200,O=C1C2CCCN2C(=O)N1c1ccc([N+](=O)[O-])c2ccccc12,Ki,1.7,0
2201,N#Cc1ccc(N2CCC(O)(c3ccc(F)cc3)C2)cc1Cl,IC50,68,0
2202,c1ccc2cc3c(cc2c1)-c1cccc2cccc-3c12,Potency,3981.1,1
2203,COc1c(O)ccc2c1-c1ccc3[nH]c(=O)cc(C)c3c1CO2,IC50,1.2,0
2204,N#Cc1ccc(N2CCC[C@@H]2C(N)=O)c2ccccc12,IC50,34,0
2205,O=c1cc(C(F)(F)F)c2cc(N(Cc3cccs3)CC(F)(F)F)ccc2[nH]1,Ki,61,0
2206,O=C(CC(Nc1ccc([N+](=O)[O-])cc1)c1ccco1)c1ccc(Cl)cc1,IC50,2.9,0
2207,COc1cc(F)ccc1-c1c(CN(C)Cc2ccccc2)[nH]c2c(N)cc(F)cc12,Ki,4140,1
2208,O=C1c2ccccc2C(=Cc2cccc(O)c2)c2ccccc21,IC50,316.2,0
2209,C=CC[C@@H]1C2=CC[C@@H]3[C@H](CC[C@]4(C)[C@@H](O)CC[C@@H]34)[C@@]2(C=C)CC[C@@H]1O,IC50,15,0
2210,O=C1CC[C@@]2(Cc3ccccc3)c3ccc(O)cc3CC[C@@H]2C1,Ki,1300,1
2211,C[C@]12C/C(=C/O)C(=O)C[C@@H]1CC[C@@H]1[C@@H]2CC[C@@]2(C)[C@H]1CC[C@]2(C)O,Potency,125.9,0
2212,CCSCC(O)(c1nc2cc(Cl)c(Cl)cc2[nH]1)C(F)(F)F,IC50,17,0
2213,C[C@](O)(Cn1cc(-c2ccccc2)c2cc(F)ccc21)C(=O)Nc1ccc(C#N)c(Cl)c1,Ki,135,0
2214,CC/C(=C(\c1ccc(O)cc1)c1ccc(OCCN(C)C)cc1)c1ccccc1,Potency,39810.7,1
2215,C[C@](O)(COc1ccc(Cl)c(F)c1)C(=O)Nc1ccc(C#N)c(C(F)(F)F)c1,Ki,1.7,0
2216,C[C@]12CC[C@H]3[C@@H](CC[C@H]4[C@H]5CCC[C@]43CC[C@@H]5O)[C@@H]1CC[C@@H]2O,IC50,68,0
2217,CC1=C(c2ccc(C#N)c(Cl)c2C)C(=O)N2CC[C@H](O)[C@@H]12,Ki,0.5,0
2218,O=C(c1cc2ccc(F)cc2[nH]1)N(Cc1ccco1)Cc1ccco1,IC50,4040,1
2219,CC(C)(CC(O)(CNc1cccc2c(=O)[nH]ccc12)C(F)(F)F)c1cccc(F)c1O,IC50,1000,0
2220,O=C1[C@H]2C3C=CC([C@@H]4C[C@H]34)[C@H]2C(=O)N1c1ccc([N+](=O)[O-])c2ccccc12,Ki,3,0
2221,N#Cc1ccc(N2[C@H]3CC[C@@H]2C[C@H](O)C3)c2ccccc12,Ki,5,0
2222,C[C@](O)(CSc1ccc(NC(=O)CCl)cc1)C(=O)Nc1ccc(C#N)c(C(F)(F)F)c1,Ki,1.65,0
2223,Cc1noc(=O)c2ccc(NC(=O)C(O)(CC(C)(C)c3cccc4c3OCC4)C(F)(F)F)cc12,IC50,630.96,0
2224,CC1(C)CN(Cc2nc3ccccc3s2)C(=O)C1Oc1ccc(C#N)c(C(F)(F)F)c1,IC50,43,0
2225,C[C@]12CC[C@H]3[C@@H](CC=C4[C@H]5CC=C[C@]43CC[C@@H]5O)[C@@H]1CC[C@@H]2O,IC50,85,0
2226,CN(C[C@](C)(O)C(=O)Nc1ccc(C#N)c(C(F)(F)F)c1)c1ccc(C#N)c(-c2ccccc2)c1,IC50,48,0
2227,C[C@]1(O)CC[C@H]2[C@@H]3CCC4=CC(=O)CCC4=C3C=C[C@@]21C,IC50,0.302,0
2228,Cc1c(C)c2c(c(C)c1O)CCC(C)(COc1ccc(CC3SC(=O)NC3=O)cc1)O2,Potency,15848.9,1
2229,Cc1cc(=O)[nH]c2ccc(N(CC(C)C)CC(F)(F)F)cc12,Ki,12,0
2230,CC(c1ccccc1)n1c(=O)n(-c2ccc(C#N)c(C(F)(F)F)c2)c2ccccc21,IC50,292,0
2231,C[C@]12CC[C@H]3[C@@H](CC[C@H]4CC(=O)CC[C@@]43C)[C@@H]1CC[C@@H]2O,IC50,0,0
2232,C[C@H]1[C@@H](O)[C@H](Cc2ccccc2)C(=O)N1c1ccc(C#N)c(Cl)c1,IC50,6,0
2233,C[C@@H]1N(c2ccc(C#N)c(Cl)c2)CC[C@@]1(O)c1ccc(N2CCCC2=O)nc1,IC50,11,0
2234,CC1(C)C(=O)N(c2ccc(C#N)c(C(F)(F)F)c2)C(=O)N1OCC#CCCc1ccc(O)c(C(N)=O)c1,IC50,49,0
2235,O=c1ccc2cc(N(CC(F)(F)F)CC(F)(F)F)ccc2[nH]1,IC50,1,0
2236,CC(O)(CCc1ccc(N)cc1)C(=O)Nc1ccc([N+](=O)[O-])c(C(F)(F)F)c1,IC50,392,0
2237,C[C@]12CC[C@H]3[C@@H](CC4C5=CC(=O)CC[C@@]53C[C@H]4O)[C@@H]1CC[C@@H]2O,IC50,1000,0
2238,O=C(NC[C@H]1CC[C@H](Oc2ccnc3c(F)cccc23)CC1)c1ccc(F)cc1,IC50,240,0
2239,CN1C(=O)C=C[C@]2(C)[C@H]3CC[C@]4(C)[C@@H](O)CC[C@H]4[C@@H]3CC[C@@H]12,IC50,7,0
2240,CC(C)CNc1cc(CCc2cccc3ccccc23)nc(NCc2cccc3ccccc23)n1,Ki,1500,1
2241,N#Cc1ccc(-n2c(=O)n(Cc3nc(-c4ccccn4)no3)c3ccccc32)cc1Cl,IC50,126,0
2242,C[C@](O)(Cn1ccc2c(F)cc(-c3ccc(F)cc3)cc21)C(=O)Nc1ccc(C#N)c(C(F)(F)F)c1,Ki,62,0
2243,C[C@](O)(CN1CCc2cc(F)c(-c3ccccc3)cc21)C(=O)Nc1ccc(C#N)c(Cl)c1,Ki,71,0
2244,CN1C(=O)C=C[C@]2(C)[C@H]3CC[C@]4(C)[C@@H](O)[C@H](Cc5cccc(F)c5)C[C@H]4[C@@H]3CC[C@@H]12,IC50,23,0
2245,CN1C(=O)C(F)=C[C@]2(C)[C@H]3CC[C@]4(C)[C@@H](C(=O)NCc5nc6cccnc6[nH]5)CC[C@H]4[C@@H]3CC[C@@H]12,IC50,196,0
